firstName,lastName,emailId,mobileNumber,country,state,city,address,postalCode
Shib1,Das,s@yash.com,9076439832,India,Maharastra,Pune,Hadapsar,Pune1,673456
Shib2,Das,s@yash.com,9076439833,India,Maharastra,Pune,Hadapsar,Pune2,673456
Shib3,Das,s@yash.com,9076439834,India,Maharastra,Pune,Hadapsar,Pune3,673456
Shib4,Das,s@yash.com,9076439835,India,Maharastra,Pune,Hadapsar,Pune4,673456
Shib5,Das,s@yash.com,9076439836,India,Maharastra,Pune,Hadapsar,Pune5,673456
Shib6,Das,s@yash.com,9076439837,India,Maharastra,Pune,Hadapsar,Pune6,673456
Shib7,Das,s@yash.com,9076439838,India,Maharastra,Pune,Hadapsar,Pune7,673456
Shib8,Das,s@yash.com,9076439839,India,Maharastra,Pune,Hadapsar,Pune8,673456
Shib9,Das,s@yash.com,9076439840,India,Maharastra,Pune,Hadapsar,Pune9,673456
Shib10,Das,s@yash.com,9076439841,India,Maharastra,Pune,Hadapsar,Pune10,673456
Shib11,Das,s@yash.com,9076439842,India,Maharastra,Pune,Hadapsar,Pune11,673456
Shib12,Das,s@yash.com,9076439843,India,Maharastra,Pune,Hadapsar,Pune12,673456
Shib13,Das,s@yash.com,9076439844,India,Maharastra,Pune,Hadapsar,Pune13,673456
Shib14,Das,s@yash.com,9076439845,India,Maharastra,Pune,Hadapsar,Pune14,673456
Shib15,Das,s@yash.com,9076439846,India,Maharastra,Pune,Hadapsar,Pune15,673456
Shib16,Das,s@yash.com,9076439847,India,Maharastra,Pune,Hadapsar,Pune16,673456
Shib17,Das,s@yash.com,9076439848,India,Maharastra,Pune,Hadapsar,Pune17,673456
Shib18,Das,s@yash.com,9076439849,India,Maharastra,Pune,Hadapsar,Pune18,673456
Shib19,Das,s@yash.com,9076439850,India,Maharastra,Pune,Hadapsar,Pune19,673456
Shib20,Das,s@yash.com,9076439851,India,Maharastra,Pune,Hadapsar,Pune20,673456
Shib21,Das,s@yash.com,9076439852,India,Maharastra,Pune,Hadapsar,Pune21,673456
Shib22,Das,s@yash.com,9076439853,India,Maharastra,Pune,Hadapsar,Pune22,673456
Shib23,Das,s@yash.com,9076439854,India,Maharastra,Pune,Hadapsar,Pune23,673456
Shib24,Das,s@yash.com,9076439855,India,Maharastra,Pune,Hadapsar,Pune24,673456
Shib25,Das,s@yash.com,9076439856,India,Maharastra,Pune,Hadapsar,Pune25,673456
Shib26,Das,s@yash.com,9076439857,India,Maharastra,Pune,Hadapsar,Pune26,673456
Shib27,Das,s@yash.com,9076439858,India,Maharastra,Pune,Hadapsar,Pune27,673456
Shib28,Das,s@yash.com,9076439859,India,Maharastra,Pune,Hadapsar,Pune28,673456
Shib29,Das,s@yash.com,9076439860,India,Maharastra,Pune,Hadapsar,Pune29,673456
Shib30,Das,s@yash.com,9076439861,India,Maharastra,Pune,Hadapsar,Pune30,673456
Shib31,Das,s@yash.com,9076439862,India,Maharastra,Pune,Hadapsar,Pune31,673456
Shib32,Das,s@yash.com,9076439863,India,Maharastra,Pune,Hadapsar,Pune32,673456
Shib33,Das,s@yash.com,9076439864,India,Maharastra,Pune,Hadapsar,Pune33,673456
Shib34,Das,s@yash.com,9076439865,India,Maharastra,Pune,Hadapsar,Pune34,673456
Shib35,Das,s@yash.com,9076439866,India,Maharastra,Pune,Hadapsar,Pune35,673456
Shib36,Das,s@yash.com,9076439867,India,Maharastra,Pune,Hadapsar,Pune36,673456
Shib37,Das,s@yash.com,9076439868,India,Maharastra,Pune,Hadapsar,Pune37,673456
Shib38,Das,s@yash.com,9076439869,India,Maharastra,Pune,Hadapsar,Pune38,673456
Shib39,Das,s@yash.com,9076439870,India,Maharastra,Pune,Hadapsar,Pune39,673456
Shib1,Das,s@yash.com,9076439832,India,Maharastra,Pune,Hadapsar,Pune1,673456
Shib2,Das,s@yash.com,9076439833,India,Maharastra,Pune,Hadapsar,Pune2,673456
Shib3,Das,s@yash.com,9076439834,India,Maharastra,Pune,Hadapsar,Pune3,673456
Shib4,Das,s@yash.com,9076439835,India,Maharastra,Pune,Hadapsar,Pune4,673456
Shib5,Das,s@yash.com,9076439836,India,Maharastra,Pune,Hadapsar,Pune5,673456
Shib6,Das,s@yash.com,9076439837,India,Maharastra,Pune,Hadapsar,Pune6,673456
Shib7,Das,s@yash.com,9076439838,India,Maharastra,Pune,Hadapsar,Pune7,673456
Shib8,Das,s@yash.com,9076439839,India,Maharastra,Pune,Hadapsar,Pune8,673456
Shib9,Das,s@yash.com,9076439840,India,Maharastra,Pune,Hadapsar,Pune9,673456
Shib10,Das,s@yash.com,9076439841,India,Maharastra,Pune,Hadapsar,Pune10,673456
Shib11,Das,s@yash.com,9076439842,India,Maharastra,Pune,Hadapsar,Pune11,673456
Shib12,Das,s@yash.com,9076439843,India,Maharastra,Pune,Hadapsar,Pune12,673456
Shib13,Das,s@yash.com,9076439844,India,Maharastra,Pune,Hadapsar,Pune13,673456
Shib14,Das,s@yash.com,9076439845,India,Maharastra,Pune,Hadapsar,Pune14,673456
Shib15,Das,s@yash.com,9076439846,India,Maharastra,Pune,Hadapsar,Pune15,673456
Shib16,Das,s@yash.com,9076439847,India,Maharastra,Pune,Hadapsar,Pune16,673456
Shib17,Das,s@yash.com,9076439848,India,Maharastra,Pune,Hadapsar,Pune17,673456
Shib18,Das,s@yash.com,9076439849,India,Maharastra,Pune,Hadapsar,Pune18,673456
Shib19,Das,s@yash.com,9076439850,India,Maharastra,Pune,Hadapsar,Pune19,673456
Shib20,Das,s@yash.com,9076439851,India,Maharastra,Pune,Hadapsar,Pune20,673456
Shib21,Das,s@yash.com,9076439852,India,Maharastra,Pune,Hadapsar,Pune21,673456
Shib22,Das,s@yash.com,9076439853,India,Maharastra,Pune,Hadapsar,Pune22,673456
Shib23,Das,s@yash.com,9076439854,India,Maharastra,Pune,Hadapsar,Pune23,673456
Shib24,Das,s@yash.com,9076439855,India,Maharastra,Pune,Hadapsar,Pune24,673456
Shib25,Das,s@yash.com,9076439856,India,Maharastra,Pune,Hadapsar,Pune25,673456
Shib26,Das,s@yash.com,9076439857,India,Maharastra,Pune,Hadapsar,Pune26,673456
Shib27,Das,s@yash.com,9076439858,India,Maharastra,Pune,Hadapsar,Pune27,673456
Shib28,Das,s@yash.com,9076439859,India,Maharastra,Pune,Hadapsar,Pune28,673456
Shib29,Das,s@yash.com,9076439860,India,Maharastra,Pune,Hadapsar,Pune29,673456
Shib30,Das,s@yash.com,9076439861,India,Maharastra,Pune,Hadapsar,Pune30,673456
Shib31,Das,s@yash.com,9076439862,India,Maharastra,Pune,Hadapsar,Pune31,673456
Shib32,Das,s@yash.com,9076439863,India,Maharastra,Pune,Hadapsar,Pune32,673456
Shib33,Das,s@yash.com,9076439864,India,Maharastra,Pune,Hadapsar,Pune33,673456
Shib34,Das,s@yash.com,9076439865,India,Maharastra,Pune,Hadapsar,Pune34,673456
Shib35,Das,s@yash.com,9076439866,India,Maharastra,Pune,Hadapsar,Pune35,673456
Shib36,Das,s@yash.com,9076439867,India,Maharastra,Pune,Hadapsar,Pune36,673456
Shib37,Das,s@yash.com,9076439868,India,Maharastra,Pune,Hadapsar,Pune37,673456
Shib38,Das,s@yash.com,9076439869,India,Maharastra,Pune,Hadapsar,Pune38,673456
Shib39,Das,s@yash.com,9076439870,India,Maharastra,Pune,Hadapsar,Pune39,673456
Shib1,Das,s@yash.com,9076439832,India,Maharastra,Pune,Hadapsar,Pune1,673456
Shib2,Das,s@yash.com,9076439833,India,Maharastra,Pune,Hadapsar,Pune2,673456
Shib3,Das,s@yash.com,9076439834,India,Maharastra,Pune,Hadapsar,Pune3,673456
Shib4,Das,s@yash.com,9076439835,India,Maharastra,Pune,Hadapsar,Pune4,673456
Shib5,Das,s@yash.com,9076439836,India,Maharastra,Pune,Hadapsar,Pune5,673456
Shib6,Das,s@yash.com,9076439837,India,Maharastra,Pune,Hadapsar,Pune6,673456
Shib7,Das,s@yash.com,9076439838,India,Maharastra,Pune,Hadapsar,Pune7,673456
Shib8,Das,s@yash.com,9076439839,India,Maharastra,Pune,Hadapsar,Pune8,673456
Shib9,Das,s@yash.com,9076439840,India,Maharastra,Pune,Hadapsar,Pune9,673456
Shib10,Das,s@yash.com,9076439841,India,Maharastra,Pune,Hadapsar,Pune10,673456
Shib11,Das,s@yash.com,9076439842,India,Maharastra,Pune,Hadapsar,Pune11,673456
Shib12,Das,s@yash.com,9076439843,India,Maharastra,Pune,Hadapsar,Pune12,673456
Shib13,Das,s@yash.com,9076439844,India,Maharastra,Pune,Hadapsar,Pune13,673456
Shib14,Das,s@yash.com,9076439845,India,Maharastra,Pune,Hadapsar,Pune14,673456
Shib15,Das,s@yash.com,9076439846,India,Maharastra,Pune,Hadapsar,Pune15,673456
Shib16,Das,s@yash.com,9076439847,India,Maharastra,Pune,Hadapsar,Pune16,673456
Shib17,Das,s@yash.com,9076439848,India,Maharastra,Pune,Hadapsar,Pune17,673456
Shib18,Das,s@yash.com,9076439849,India,Maharastra,Pune,Hadapsar,Pune18,673456
Shib19,Das,s@yash.com,9076439850,India,Maharastra,Pune,Hadapsar,Pune19,673456
Shib20,Das,s@yash.com,9076439851,India,Maharastra,Pune,Hadapsar,Pune20,673456
Shib21,Das,s@yash.com,9076439852,India,Maharastra,Pune,Hadapsar,Pune21,673456
Shib22,Das,s@yash.com,9076439853,India,Maharastra,Pune,Hadapsar,Pune22,673456
Shib23,Das,s@yash.com,9076439854,India,Maharastra,Pune,Hadapsar,Pune23,673456
Shib24,Das,s@yash.com,9076439855,India,Maharastra,Pune,Hadapsar,Pune24,673456
Shib25,Das,s@yash.com,9076439856,India,Maharastra,Pune,Hadapsar,Pune25,673456
Shib26,Das,s@yash.com,9076439857,India,Maharastra,Pune,Hadapsar,Pune26,673456
Shib27,Das,s@yash.com,9076439858,India,Maharastra,Pune,Hadapsar,Pune27,673456
Shib28,Das,s@yash.com,9076439859,India,Maharastra,Pune,Hadapsar,Pune28,673456
Shib29,Das,s@yash.com,9076439860,India,Maharastra,Pune,Hadapsar,Pune29,673456
Shib30,Das,s@yash.com,9076439861,India,Maharastra,Pune,Hadapsar,Pune30,673456
Shib31,Das,s@yash.com,9076439862,India,Maharastra,Pune,Hadapsar,Pune31,673456
Shib32,Das,s@yash.com,9076439863,India,Maharastra,Pune,Hadapsar,Pune32,673456
Shib33,Das,s@yash.com,9076439864,India,Maharastra,Pune,Hadapsar,Pune33,673456
Shib34,Das,s@yash.com,9076439865,India,Maharastra,Pune,Hadapsar,Pune34,673456
Shib35,Das,s@yash.com,9076439866,India,Maharastra,Pune,Hadapsar,Pune35,673456
Shib36,Das,s@yash.com,9076439867,India,Maharastra,Pune,Hadapsar,Pune36,673456
Shib37,Das,s@yash.com,9076439868,India,Maharastra,Pune,Hadapsar,Pune37,673456
Shib38,Das,s@yash.com,9076439869,India,Maharastra,Pune,Hadapsar,Pune38,673456
Shib39,Das,s@yash.com,9076439870,India,Maharastra,Pune,Hadapsar,Pune39,673456
Shib1,Das,s@yash.com,9076439832,India,Maharastra,Pune,Hadapsar,Pune1,673456
Shib2,Das,s@yash.com,9076439833,India,Maharastra,Pune,Hadapsar,Pune2,673456
Shib3,Das,s@yash.com,9076439834,India,Maharastra,Pune,Hadapsar,Pune3,673456
Shib4,Das,s@yash.com,9076439835,India,Maharastra,Pune,Hadapsar,Pune4,673456
Shib5,Das,s@yash.com,9076439836,India,Maharastra,Pune,Hadapsar,Pune5,673456
Shib6,Das,s@yash.com,9076439837,India,Maharastra,Pune,Hadapsar,Pune6,673456
Shib7,Das,s@yash.com,9076439838,India,Maharastra,Pune,Hadapsar,Pune7,673456
Shib8,Das,s@yash.com,9076439839,India,Maharastra,Pune,Hadapsar,Pune8,673456
Shib9,Das,s@yash.com,9076439840,India,Maharastra,Pune,Hadapsar,Pune9,673456
Shib10,Das,s@yash.com,9076439841,India,Maharastra,Pune,Hadapsar,Pune10,673456
Shib11,Das,s@yash.com,9076439842,India,Maharastra,Pune,Hadapsar,Pune11,673456
Shib12,Das,s@yash.com,9076439843,India,Maharastra,Pune,Hadapsar,Pune12,673456
Shib13,Das,s@yash.com,9076439844,India,Maharastra,Pune,Hadapsar,Pune13,673456
Shib14,Das,s@yash.com,9076439845,India,Maharastra,Pune,Hadapsar,Pune14,673456
Shib15,Das,s@yash.com,9076439846,India,Maharastra,Pune,Hadapsar,Pune15,673456
Shib16,Das,s@yash.com,9076439847,India,Maharastra,Pune,Hadapsar,Pune16,673456
Shib17,Das,s@yash.com,9076439848,India,Maharastra,Pune,Hadapsar,Pune17,673456
Shib18,Das,s@yash.com,9076439849,India,Maharastra,Pune,Hadapsar,Pune18,673456
Shib19,Das,s@yash.com,9076439850,India,Maharastra,Pune,Hadapsar,Pune19,673456
Shib20,Das,s@yash.com,9076439851,India,Maharastra,Pune,Hadapsar,Pune20,673456
Shib21,Das,s@yash.com,9076439852,India,Maharastra,Pune,Hadapsar,Pune21,673456
Shib22,Das,s@yash.com,9076439853,India,Maharastra,Pune,Hadapsar,Pune22,673456
Shib23,Das,s@yash.com,9076439854,India,Maharastra,Pune,Hadapsar,Pune23,673456
Shib24,Das,s@yash.com,9076439855,India,Maharastra,Pune,Hadapsar,Pune24,673456
Shib25,Das,s@yash.com,9076439856,India,Maharastra,Pune,Hadapsar,Pune25,673456
Shib26,Das,s@yash.com,9076439857,India,Maharastra,Pune,Hadapsar,Pune26,673456
Shib27,Das,s@yash.com,9076439858,India,Maharastra,Pune,Hadapsar,Pune27,673456
Shib28,Das,s@yash.com,9076439859,India,Maharastra,Pune,Hadapsar,Pune28,673456
Shib29,Das,s@yash.com,9076439860,India,Maharastra,Pune,Hadapsar,Pune29,673456
Shib30,Das,s@yash.com,9076439861,India,Maharastra,Pune,Hadapsar,Pune30,673456
Shib31,Das,s@yash.com,9076439862,India,Maharastra,Pune,Hadapsar,Pune31,673456
Shib32,Das,s@yash.com,9076439863,India,Maharastra,Pune,Hadapsar,Pune32,673456
Shib33,Das,s@yash.com,9076439864,India,Maharastra,Pune,Hadapsar,Pune33,673456
Shib34,Das,s@yash.com,9076439865,India,Maharastra,Pune,Hadapsar,Pune34,673456
Shib35,Das,s@yash.com,9076439866,India,Maharastra,Pune,Hadapsar,Pune35,673456
Shib36,Das,s@yash.com,9076439867,India,Maharastra,Pune,Hadapsar,Pune36,673456
Shib37,Das,s@yash.com,9076439868,India,Maharastra,Pune,Hadapsar,Pune37,673456
Shib38,Das,s@yash.com,9076439869,India,Maharastra,Pune,Hadapsar,Pune38,673456
Shib39,Das,s@yash.com,9076439870,India,Maharastra,Pune,Hadapsar,Pune39,673456
Shib1,Das,s@yash.com,9076439832,India,Maharastra,Pune,Hadapsar,Pune1,673456
Shib2,Das,s@yash.com,9076439833,India,Maharastra,Pune,Hadapsar,Pune2,673456
Shib3,Das,s@yash.com,9076439834,India,Maharastra,Pune,Hadapsar,Pune3,673456
Shib4,Das,s@yash.com,9076439835,India,Maharastra,Pune,Hadapsar,Pune4,673456
Shib5,Das,s@yash.com,9076439836,India,Maharastra,Pune,Hadapsar,Pune5,673456
Shib6,Das,s@yash.com,9076439837,India,Maharastra,Pune,Hadapsar,Pune6,673456
Shib7,Das,s@yash.com,9076439838,India,Maharastra,Pune,Hadapsar,Pune7,673456
Shib8,Das,s@yash.com,9076439839,India,Maharastra,Pune,Hadapsar,Pune8,673456
Shib9,Das,s@yash.com,9076439840,India,Maharastra,Pune,Hadapsar,Pune9,673456
Shib10,Das,s@yash.com,9076439841,India,Maharastra,Pune,Hadapsar,Pune10,673456
Shib11,Das,s@yash.com,9076439842,India,Maharastra,Pune,Hadapsar,Pune11,673456
Shib12,Das,s@yash.com,9076439843,India,Maharastra,Pune,Hadapsar,Pune12,673456
Shib13,Das,s@yash.com,9076439844,India,Maharastra,Pune,Hadapsar,Pune13,673456
Shib14,Das,s@yash.com,9076439845,India,Maharastra,Pune,Hadapsar,Pune14,673456
Shib15,Das,s@yash.com,9076439846,India,Maharastra,Pune,Hadapsar,Pune15,673456
Shib16,Das,s@yash.com,9076439847,India,Maharastra,Pune,Hadapsar,Pune16,673456
Shib17,Das,s@yash.com,9076439848,India,Maharastra,Pune,Hadapsar,Pune17,673456
Shib18,Das,s@yash.com,9076439849,India,Maharastra,Pune,Hadapsar,Pune18,673456
Shib19,Das,s@yash.com,9076439850,India,Maharastra,Pune,Hadapsar,Pune19,673456
Shib20,Das,s@yash.com,9076439851,India,Maharastra,Pune,Hadapsar,Pune20,673456
Shib21,Das,s@yash.com,9076439852,India,Maharastra,Pune,Hadapsar,Pune21,673456
Shib22,Das,s@yash.com,9076439853,India,Maharastra,Pune,Hadapsar,Pune22,673456
Shib23,Das,s@yash.com,9076439854,India,Maharastra,Pune,Hadapsar,Pune23,673456
Shib24,Das,s@yash.com,9076439855,India,Maharastra,Pune,Hadapsar,Pune24,673456
Shib25,Das,s@yash.com,9076439856,India,Maharastra,Pune,Hadapsar,Pune25,673456
Shib26,Das,s@yash.com,9076439857,India,Maharastra,Pune,Hadapsar,Pune26,673456
Shib27,Das,s@yash.com,9076439858,India,Maharastra,Pune,Hadapsar,Pune27,673456
Shib28,Das,s@yash.com,9076439859,India,Maharastra,Pune,Hadapsar,Pune28,673456
Shib29,Das,s@yash.com,9076439860,India,Maharastra,Pune,Hadapsar,Pune29,673456
Shib30,Das,s@yash.com,9076439861,India,Maharastra,Pune,Hadapsar,Pune30,673456
Shib31,Das,s@yash.com,9076439862,India,Maharastra,Pune,Hadapsar,Pune31,673456
Shib32,Das,s@yash.com,9076439863,India,Maharastra,Pune,Hadapsar,Pune32,673456
Shib33,Das,s@yash.com,9076439864,India,Maharastra,Pune,Hadapsar,Pune33,673456
Shib34,Das,s@yash.com,9076439865,India,Maharastra,Pune,Hadapsar,Pune34,673456
Shib35,Das,s@yash.com,9076439866,India,Maharastra,Pune,Hadapsar,Pune35,673456
Shib36,Das,s@yash.com,9076439867,India,Maharastra,Pune,Hadapsar,Pune36,673456
Shib37,Das,s@yash.com,9076439868,India,Maharastra,Pune,Hadapsar,Pune37,673456
Shib38,Das,s@yash.com,9076439869,India,Maharastra,Pune,Hadapsar,Pune38,673456
Shib39,Das,s@yash.com,9076439870,India,Maharastra,Pune,Hadapsar,Pune39,673456
Shib1,Das,s@yash.com,9076439832,India,Maharastra,Pune,Hadapsar,Pune1,673456
Shib2,Das,s@yash.com,9076439833,India,Maharastra,Pune,Hadapsar,Pune2,673456
Shib3,Das,s@yash.com,9076439834,India,Maharastra,Pune,Hadapsar,Pune3,673456
Shib4,Das,s@yash.com,9076439835,India,Maharastra,Pune,Hadapsar,Pune4,673456
Shib5,Das,s@yash.com,9076439836,India,Maharastra,Pune,Hadapsar,Pune5,673456
Shib6,Das,s@yash.com,9076439837,India,Maharastra,Pune,Hadapsar,Pune6,673456
Shib7,Das,s@yash.com,9076439838,India,Maharastra,Pune,Hadapsar,Pune7,673456
Shib8,Das,s@yash.com,9076439839,India,Maharastra,Pune,Hadapsar,Pune8,673456
Shib9,Das,s@yash.com,9076439840,India,Maharastra,Pune,Hadapsar,Pune9,673456
Shib10,Das,s@yash.com,9076439841,India,Maharastra,Pune,Hadapsar,Pune10,673456
Shib11,Das,s@yash.com,9076439842,India,Maharastra,Pune,Hadapsar,Pune11,673456
Shib12,Das,s@yash.com,9076439843,India,Maharastra,Pune,Hadapsar,Pune12,673456
Shib13,Das,s@yash.com,9076439844,India,Maharastra,Pune,Hadapsar,Pune13,673456
Shib14,Das,s@yash.com,9076439845,India,Maharastra,Pune,Hadapsar,Pune14,673456
Shib15,Das,s@yash.com,9076439846,India,Maharastra,Pune,Hadapsar,Pune15,673456
Shib16,Das,s@yash.com,9076439847,India,Maharastra,Pune,Hadapsar,Pune16,673456
Shib17,Das,s@yash.com,9076439848,India,Maharastra,Pune,Hadapsar,Pune17,673456
Shib18,Das,s@yash.com,9076439849,India,Maharastra,Pune,Hadapsar,Pune18,673456
Shib19,Das,s@yash.com,9076439850,India,Maharastra,Pune,Hadapsar,Pune19,673456
Shib20,Das,s@yash.com,9076439851,India,Maharastra,Pune,Hadapsar,Pune20,673456
Shib21,Das,s@yash.com,9076439852,India,Maharastra,Pune,Hadapsar,Pune21,673456
Shib22,Das,s@yash.com,9076439853,India,Maharastra,Pune,Hadapsar,Pune22,673456
Shib23,Das,s@yash.com,9076439854,India,Maharastra,Pune,Hadapsar,Pune23,673456
Shib24,Das,s@yash.com,9076439855,India,Maharastra,Pune,Hadapsar,Pune24,673456
Shib25,Das,s@yash.com,9076439856,India,Maharastra,Pune,Hadapsar,Pune25,673456
Shib26,Das,s@yash.com,9076439857,India,Maharastra,Pune,Hadapsar,Pune26,673456
Shib27,Das,s@yash.com,9076439858,India,Maharastra,Pune,Hadapsar,Pune27,673456
Shib28,Das,s@yash.com,9076439859,India,Maharastra,Pune,Hadapsar,Pune28,673456
Shib29,Das,s@yash.com,9076439860,India,Maharastra,Pune,Hadapsar,Pune29,673456
Shib30,Das,s@yash.com,9076439861,India,Maharastra,Pune,Hadapsar,Pune30,673456
Shib31,Das,s@yash.com,9076439862,India,Maharastra,Pune,Hadapsar,Pune31,673456
Shib32,Das,s@yash.com,9076439863,India,Maharastra,Pune,Hadapsar,Pune32,673456
Shib33,Das,s@yash.com,9076439864,India,Maharastra,Pune,Hadapsar,Pune33,673456
Shib34,Das,s@yash.com,9076439865,India,Maharastra,Pune,Hadapsar,Pune34,673456
Shib35,Das,s@yash.com,9076439866,India,Maharastra,Pune,Hadapsar,Pune35,673456
Shib36,Das,s@yash.com,9076439867,India,Maharastra,Pune,Hadapsar,Pune36,673456
Shib37,Das,s@yash.com,9076439868,India,Maharastra,Pune,Hadapsar,Pune37,673456
Shib38,Das,s@yash.com,9076439869,India,Maharastra,Pune,Hadapsar,Pune38,673456
Shib39,Das,s@yash.com,9076439870,India,Maharastra,Pune,Hadapsar,Pune39,673456
Shib1,Das,s@yash.com,9076439832,India,Maharastra,Pune,Hadapsar,Pune1,673456
Shib2,Das,s@yash.com,9076439833,India,Maharastra,Pune,Hadapsar,Pune2,673456
Shib3,Das,s@yash.com,9076439834,India,Maharastra,Pune,Hadapsar,Pune3,673456
Shib4,Das,s@yash.com,9076439835,India,Maharastra,Pune,Hadapsar,Pune4,673456
Shib5,Das,s@yash.com,9076439836,India,Maharastra,Pune,Hadapsar,Pune5,673456
Shib6,Das,s@yash.com,9076439837,India,Maharastra,Pune,Hadapsar,Pune6,673456
Shib7,Das,s@yash.com,9076439838,India,Maharastra,Pune,Hadapsar,Pune7,673456
Shib8,Das,s@yash.com,9076439839,India,Maharastra,Pune,Hadapsar,Pune8,673456
Shib9,Das,s@yash.com,9076439840,India,Maharastra,Pune,Hadapsar,Pune9,673456
Shib10,Das,s@yash.com,9076439841,India,Maharastra,Pune,Hadapsar,Pune10,673456
Shib11,Das,s@yash.com,9076439842,India,Maharastra,Pune,Hadapsar,Pune11,673456
Shib12,Das,s@yash.com,9076439843,India,Maharastra,Pune,Hadapsar,Pune12,673456
Shib13,Das,s@yash.com,9076439844,India,Maharastra,Pune,Hadapsar,Pune13,673456
Shib14,Das,s@yash.com,9076439845,India,Maharastra,Pune,Hadapsar,Pune14,673456
Shib15,Das,s@yash.com,9076439846,India,Maharastra,Pune,Hadapsar,Pune15,673456
Shib16,Das,s@yash.com,9076439847,India,Maharastra,Pune,Hadapsar,Pune16,673456
Shib17,Das,s@yash.com,9076439848,India,Maharastra,Pune,Hadapsar,Pune17,673456
Shib18,Das,s@yash.com,9076439849,India,Maharastra,Pune,Hadapsar,Pune18,673456
Shib19,Das,s@yash.com,9076439850,India,Maharastra,Pune,Hadapsar,Pune19,673456
Shib20,Das,s@yash.com,9076439851,India,Maharastra,Pune,Hadapsar,Pune20,673456
Shib21,Das,s@yash.com,9076439852,India,Maharastra,Pune,Hadapsar,Pune21,673456
Shib22,Das,s@yash.com,9076439853,India,Maharastra,Pune,Hadapsar,Pune22,673456
Shib23,Das,s@yash.com,9076439854,India,Maharastra,Pune,Hadapsar,Pune23,673456
Shib24,Das,s@yash.com,9076439855,India,Maharastra,Pune,Hadapsar,Pune24,673456
Shib25,Das,s@yash.com,9076439856,India,Maharastra,Pune,Hadapsar,Pune25,673456
Shib26,Das,s@yash.com,9076439857,India,Maharastra,Pune,Hadapsar,Pune26,673456
Shib27,Das,s@yash.com,9076439858,India,Maharastra,Pune,Hadapsar,Pune27,673456
Shib28,Das,s@yash.com,9076439859,India,Maharastra,Pune,Hadapsar,Pune28,673456
Shib29,Das,s@yash.com,9076439860,India,Maharastra,Pune,Hadapsar,Pune29,673456
Shib30,Das,s@yash.com,9076439861,India,Maharastra,Pune,Hadapsar,Pune30,673456
Shib31,Das,s@yash.com,9076439862,India,Maharastra,Pune,Hadapsar,Pune31,673456
Shib32,Das,s@yash.com,9076439863,India,Maharastra,Pune,Hadapsar,Pune32,673456
Shib33,Das,s@yash.com,9076439864,India,Maharastra,Pune,Hadapsar,Pune33,673456
Shib34,Das,s@yash.com,9076439865,India,Maharastra,Pune,Hadapsar,Pune34,673456
Shib35,Das,s@yash.com,9076439866,India,Maharastra,Pune,Hadapsar,Pune35,673456
Shib36,Das,s@yash.com,9076439867,India,Maharastra,Pune,Hadapsar,Pune36,673456
Shib37,Das,s@yash.com,9076439868,India,Maharastra,Pune,Hadapsar,Pune37,673456
Shib38,Das,s@yash.com,9076439869,India,Maharastra,Pune,Hadapsar,Pune38,673456
Shib39,Das,s@yash.com,9076439870,India,Maharastra,Pune,Hadapsar,Pune39,673456
Shib1,Das,s@yash.com,9076439832,India,Maharastra,Pune,Hadapsar,Pune1,673456
Shib2,Das,s@yash.com,9076439833,India,Maharastra,Pune,Hadapsar,Pune2,673456
Shib3,Das,s@yash.com,9076439834,India,Maharastra,Pune,Hadapsar,Pune3,673456
Shib4,Das,s@yash.com,9076439835,India,Maharastra,Pune,Hadapsar,Pune4,673456
Shib5,Das,s@yash.com,9076439836,India,Maharastra,Pune,Hadapsar,Pune5,673456
Shib6,Das,s@yash.com,9076439837,India,Maharastra,Pune,Hadapsar,Pune6,673456
Shib7,Das,s@yash.com,9076439838,India,Maharastra,Pune,Hadapsar,Pune7,673456
Shib8,Das,s@yash.com,9076439839,India,Maharastra,Pune,Hadapsar,Pune8,673456
Shib9,Das,s@yash.com,9076439840,India,Maharastra,Pune,Hadapsar,Pune9,673456
Shib10,Das,s@yash.com,9076439841,India,Maharastra,Pune,Hadapsar,Pune10,673456
Shib11,Das,s@yash.com,9076439842,India,Maharastra,Pune,Hadapsar,Pune11,673456
Shib12,Das,s@yash.com,9076439843,India,Maharastra,Pune,Hadapsar,Pune12,673456
Shib13,Das,s@yash.com,9076439844,India,Maharastra,Pune,Hadapsar,Pune13,673456
Shib14,Das,s@yash.com,9076439845,India,Maharastra,Pune,Hadapsar,Pune14,673456
Shib15,Das,s@yash.com,9076439846,India,Maharastra,Pune,Hadapsar,Pune15,673456
Shib16,Das,s@yash.com,9076439847,India,Maharastra,Pune,Hadapsar,Pune16,673456
Shib17,Das,s@yash.com,9076439848,India,Maharastra,Pune,Hadapsar,Pune17,673456
Shib18,Das,s@yash.com,9076439849,India,Maharastra,Pune,Hadapsar,Pune18,673456
Shib19,Das,s@yash.com,9076439850,India,Maharastra,Pune,Hadapsar,Pune19,673456
Shib20,Das,s@yash.com,9076439851,India,Maharastra,Pune,Hadapsar,Pune20,673456
Shib21,Das,s@yash.com,9076439852,India,Maharastra,Pune,Hadapsar,Pune21,673456
Shib22,Das,s@yash.com,9076439853,India,Maharastra,Pune,Hadapsar,Pune22,673456
Shib23,Das,s@yash.com,9076439854,India,Maharastra,Pune,Hadapsar,Pune23,673456
Shib24,Das,s@yash.com,9076439855,India,Maharastra,Pune,Hadapsar,Pune24,673456
Shib25,Das,s@yash.com,9076439856,India,Maharastra,Pune,Hadapsar,Pune25,673456
Shib26,Das,s@yash.com,9076439857,India,Maharastra,Pune,Hadapsar,Pune26,673456
Shib27,Das,s@yash.com,9076439858,India,Maharastra,Pune,Hadapsar,Pune27,673456
Shib28,Das,s@yash.com,9076439859,India,Maharastra,Pune,Hadapsar,Pune28,673456
Shib29,Das,s@yash.com,9076439860,India,Maharastra,Pune,Hadapsar,Pune29,673456
Shib30,Das,s@yash.com,9076439861,India,Maharastra,Pune,Hadapsar,Pune30,673456
Shib31,Das,s@yash.com,9076439862,India,Maharastra,Pune,Hadapsar,Pune31,673456
Shib32,Das,s@yash.com,9076439863,India,Maharastra,Pune,Hadapsar,Pune32,673456
Shib33,Das,s@yash.com,9076439864,India,Maharastra,Pune,Hadapsar,Pune33,673456
Shib34,Das,s@yash.com,9076439865,India,Maharastra,Pune,Hadapsar,Pune34,673456
Shib35,Das,s@yash.com,9076439866,India,Maharastra,Pune,Hadapsar,Pune35,673456
Shib36,Das,s@yash.com,9076439867,India,Maharastra,Pune,Hadapsar,Pune36,673456
Shib37,Das,s@yash.com,9076439868,India,Maharastra,Pune,Hadapsar,Pune37,673456
Shib38,Das,s@yash.com,9076439869,India,Maharastra,Pune,Hadapsar,Pune38,673456
Shib39,Das,s@yash.com,9076439870,India,Maharastra,Pune,Hadapsar,Pune39,673456
Shib1,Das,s@yash.com,9076439832,India,Maharastra,Pune,Hadapsar,Pune1,673456
Shib2,Das,s@yash.com,9076439833,India,Maharastra,Pune,Hadapsar,Pune2,673456
Shib3,Das,s@yash.com,9076439834,India,Maharastra,Pune,Hadapsar,Pune3,673456
Shib4,Das,s@yash.com,9076439835,India,Maharastra,Pune,Hadapsar,Pune4,673456
Shib5,Das,s@yash.com,9076439836,India,Maharastra,Pune,Hadapsar,Pune5,673456
Shib6,Das,s@yash.com,9076439837,India,Maharastra,Pune,Hadapsar,Pune6,673456
Shib7,Das,s@yash.com,9076439838,India,Maharastra,Pune,Hadapsar,Pune7,673456
Shib8,Das,s@yash.com,9076439839,India,Maharastra,Pune,Hadapsar,Pune8,673456
Shib9,Das,s@yash.com,9076439840,India,Maharastra,Pune,Hadapsar,Pune9,673456
Shib10,Das,s@yash.com,9076439841,India,Maharastra,Pune,Hadapsar,Pune10,673456
Shib11,Das,s@yash.com,9076439842,India,Maharastra,Pune,Hadapsar,Pune11,673456
Shib12,Das,s@yash.com,9076439843,India,Maharastra,Pune,Hadapsar,Pune12,673456
Shib13,Das,s@yash.com,9076439844,India,Maharastra,Pune,Hadapsar,Pune13,673456
Shib14,Das,s@yash.com,9076439845,India,Maharastra,Pune,Hadapsar,Pune14,673456
Shib15,Das,s@yash.com,9076439846,India,Maharastra,Pune,Hadapsar,Pune15,673456
Shib16,Das,s@yash.com,9076439847,India,Maharastra,Pune,Hadapsar,Pune16,673456
Shib17,Das,s@yash.com,9076439848,India,Maharastra,Pune,Hadapsar,Pune17,673456
Shib18,Das,s@yash.com,9076439849,India,Maharastra,Pune,Hadapsar,Pune18,673456
Shib19,Das,s@yash.com,9076439850,India,Maharastra,Pune,Hadapsar,Pune19,673456
Shib20,Das,s@yash.com,9076439851,India,Maharastra,Pune,Hadapsar,Pune20,673456
Shib21,Das,s@yash.com,9076439852,India,Maharastra,Pune,Hadapsar,Pune21,673456
Shib22,Das,s@yash.com,9076439853,India,Maharastra,Pune,Hadapsar,Pune22,673456
Shib23,Das,s@yash.com,9076439854,India,Maharastra,Pune,Hadapsar,Pune23,673456
Shib24,Das,s@yash.com,9076439855,India,Maharastra,Pune,Hadapsar,Pune24,673456
Shib25,Das,s@yash.com,9076439856,India,Maharastra,Pune,Hadapsar,Pune25,673456
Shib26,Das,s@yash.com,9076439857,India,Maharastra,Pune,Hadapsar,Pune26,673456
Shib27,Das,s@yash.com,9076439858,India,Maharastra,Pune,Hadapsar,Pune27,673456
Shib28,Das,s@yash.com,9076439859,India,Maharastra,Pune,Hadapsar,Pune28,673456
Shib29,Das,s@yash.com,9076439860,India,Maharastra,Pune,Hadapsar,Pune29,673456
Shib30,Das,s@yash.com,9076439861,India,Maharastra,Pune,Hadapsar,Pune30,673456
Shib31,Das,s@yash.com,9076439862,India,Maharastra,Pune,Hadapsar,Pune31,673456
Shib32,Das,s@yash.com,9076439863,India,Maharastra,Pune,Hadapsar,Pune32,673456
Shib33,Das,s@yash.com,9076439864,India,Maharastra,Pune,Hadapsar,Pune33,673456
Shib34,Das,s@yash.com,9076439865,India,Maharastra,Pune,Hadapsar,Pune34,673456
Shib35,Das,s@yash.com,9076439866,India,Maharastra,Pune,Hadapsar,Pune35,673456
Shib36,Das,s@yash.com,9076439867,India,Maharastra,Pune,Hadapsar,Pune36,673456
Shib37,Das,s@yash.com,9076439868,India,Maharastra,Pune,Hadapsar,Pune37,673456
Shib38,Das,s@yash.com,9076439869,India,Maharastra,Pune,Hadapsar,Pune38,673456
Shib39,Das,s@yash.com,9076439870,India,Maharastra,Pune,Hadapsar,Pune39,673456
Shib1,Das,s@yash.com,9076439832,India,Maharastra,Pune,Hadapsar,Pune1,673456
Shib2,Das,s@yash.com,9076439833,India,Maharastra,Pune,Hadapsar,Pune2,673456
Shib3,Das,s@yash.com,9076439834,India,Maharastra,Pune,Hadapsar,Pune3,673456
Shib4,Das,s@yash.com,9076439835,India,Maharastra,Pune,Hadapsar,Pune4,673456
Shib5,Das,s@yash.com,9076439836,India,Maharastra,Pune,Hadapsar,Pune5,673456
Shib6,Das,s@yash.com,9076439837,India,Maharastra,Pune,Hadapsar,Pune6,673456
Shib7,Das,s@yash.com,9076439838,India,Maharastra,Pune,Hadapsar,Pune7,673456
Shib8,Das,s@yash.com,9076439839,India,Maharastra,Pune,Hadapsar,Pune8,673456
Shib9,Das,s@yash.com,9076439840,India,Maharastra,Pune,Hadapsar,Pune9,673456
Shib10,Das,s@yash.com,9076439841,India,Maharastra,Pune,Hadapsar,Pune10,673456
Shib11,Das,s@yash.com,9076439842,India,Maharastra,Pune,Hadapsar,Pune11,673456
Shib12,Das,s@yash.com,9076439843,India,Maharastra,Pune,Hadapsar,Pune12,673456
Shib13,Das,s@yash.com,9076439844,India,Maharastra,Pune,Hadapsar,Pune13,673456
Shib14,Das,s@yash.com,9076439845,India,Maharastra,Pune,Hadapsar,Pune14,673456
Shib15,Das,s@yash.com,9076439846,India,Maharastra,Pune,Hadapsar,Pune15,673456
Shib16,Das,s@yash.com,9076439847,India,Maharastra,Pune,Hadapsar,Pune16,673456
Shib17,Das,s@yash.com,9076439848,India,Maharastra,Pune,Hadapsar,Pune17,673456
Shib18,Das,s@yash.com,9076439849,India,Maharastra,Pune,Hadapsar,Pune18,673456
Shib19,Das,s@yash.com,9076439850,India,Maharastra,Pune,Hadapsar,Pune19,673456
Shib20,Das,s@yash.com,9076439851,India,Maharastra,Pune,Hadapsar,Pune20,673456
Shib21,Das,s@yash.com,9076439852,India,Maharastra,Pune,Hadapsar,Pune21,673456
Shib22,Das,s@yash.com,9076439853,India,Maharastra,Pune,Hadapsar,Pune22,673456
Shib23,Das,s@yash.com,9076439854,India,Maharastra,Pune,Hadapsar,Pune23,673456
Shib24,Das,s@yash.com,9076439855,India,Maharastra,Pune,Hadapsar,Pune24,673456
Shib25,Das,s@yash.com,9076439856,India,Maharastra,Pune,Hadapsar,Pune25,673456
Shib26,Das,s@yash.com,9076439857,India,Maharastra,Pune,Hadapsar,Pune26,673456
Shib27,Das,s@yash.com,9076439858,India,Maharastra,Pune,Hadapsar,Pune27,673456
Shib28,Das,s@yash.com,9076439859,India,Maharastra,Pune,Hadapsar,Pune28,673456
Shib29,Das,s@yash.com,9076439860,India,Maharastra,Pune,Hadapsar,Pune29,673456
Shib30,Das,s@yash.com,9076439861,India,Maharastra,Pune,Hadapsar,Pune30,673456
Shib31,Das,s@yash.com,9076439862,India,Maharastra,Pune,Hadapsar,Pune31,673456
Shib32,Das,s@yash.com,9076439863,India,Maharastra,Pune,Hadapsar,Pune32,673456
Shib33,Das,s@yash.com,9076439864,India,Maharastra,Pune,Hadapsar,Pune33,673456
Shib34,Das,s@yash.com,9076439865,India,Maharastra,Pune,Hadapsar,Pune34,673456
Shib35,Das,s@yash.com,9076439866,India,Maharastra,Pune,Hadapsar,Pune35,673456
Shib36,Das,s@yash.com,9076439867,India,Maharastra,Pune,Hadapsar,Pune36,673456
Shib37,Das,s@yash.com,9076439868,India,Maharastra,Pune,Hadapsar,Pune37,673456
Shib38,Das,s@yash.com,9076439869,India,Maharastra,Pune,Hadapsar,Pune38,673456
Shib39,Das,s@yash.com,9076439870,India,Maharastra,Pune,Hadapsar,Pune39,673456
Shib1,Das,s@yash.com,9076439832,India,Maharastra,Pune,Hadapsar,Pune1,673456
Shib2,Das,s@yash.com,9076439833,India,Maharastra,Pune,Hadapsar,Pune2,673456
Shib3,Das,s@yash.com,9076439834,India,Maharastra,Pune,Hadapsar,Pune3,673456
Shib4,Das,s@yash.com,9076439835,India,Maharastra,Pune,Hadapsar,Pune4,673456
Shib5,Das,s@yash.com,9076439836,India,Maharastra,Pune,Hadapsar,Pune5,673456
Shib6,Das,s@yash.com,9076439837,India,Maharastra,Pune,Hadapsar,Pune6,673456
Shib7,Das,s@yash.com,9076439838,India,Maharastra,Pune,Hadapsar,Pune7,673456
Shib8,Das,s@yash.com,9076439839,India,Maharastra,Pune,Hadapsar,Pune8,673456
Shib9,Das,s@yash.com,9076439840,India,Maharastra,Pune,Hadapsar,Pune9,673456
Shib10,Das,s@yash.com,9076439841,India,Maharastra,Pune,Hadapsar,Pune10,673456
Shib11,Das,s@yash.com,9076439842,India,Maharastra,Pune,Hadapsar,Pune11,673456
Shib12,Das,s@yash.com,9076439843,India,Maharastra,Pune,Hadapsar,Pune12,673456
Shib13,Das,s@yash.com,9076439844,India,Maharastra,Pune,Hadapsar,Pune13,673456
Shib14,Das,s@yash.com,9076439845,India,Maharastra,Pune,Hadapsar,Pune14,673456
Shib15,Das,s@yash.com,9076439846,India,Maharastra,Pune,Hadapsar,Pune15,673456
Shib16,Das,s@yash.com,9076439847,India,Maharastra,Pune,Hadapsar,Pune16,673456
Shib17,Das,s@yash.com,9076439848,India,Maharastra,Pune,Hadapsar,Pune17,673456
Shib18,Das,s@yash.com,9076439849,India,Maharastra,Pune,Hadapsar,Pune18,673456
Shib19,Das,s@yash.com,9076439850,India,Maharastra,Pune,Hadapsar,Pune19,673456
Shib20,Das,s@yash.com,9076439851,India,Maharastra,Pune,Hadapsar,Pune20,673456
Shib21,Das,s@yash.com,9076439852,India,Maharastra,Pune,Hadapsar,Pune21,673456
Shib22,Das,s@yash.com,9076439853,India,Maharastra,Pune,Hadapsar,Pune22,673456
Shib23,Das,s@yash.com,9076439854,India,Maharastra,Pune,Hadapsar,Pune23,673456
Shib24,Das,s@yash.com,9076439855,India,Maharastra,Pune,Hadapsar,Pune24,673456
Shib25,Das,s@yash.com,9076439856,India,Maharastra,Pune,Hadapsar,Pune25,673456
Shib26,Das,s@yash.com,9076439857,India,Maharastra,Pune,Hadapsar,Pune26,673456
Shib27,Das,s@yash.com,9076439858,India,Maharastra,Pune,Hadapsar,Pune27,673456
Shib28,Das,s@yash.com,9076439859,India,Maharastra,Pune,Hadapsar,Pune28,673456
Shib29,Das,s@yash.com,9076439860,India,Maharastra,Pune,Hadapsar,Pune29,673456
Shib30,Das,s@yash.com,9076439861,India,Maharastra,Pune,Hadapsar,Pune30,673456
Shib31,Das,s@yash.com,9076439862,India,Maharastra,Pune,Hadapsar,Pune31,673456
Shib32,Das,s@yash.com,9076439863,India,Maharastra,Pune,Hadapsar,Pune32,673456
Shib33,Das,s@yash.com,9076439864,India,Maharastra,Pune,Hadapsar,Pune33,673456
Shib34,Das,s@yash.com,9076439865,India,Maharastra,Pune,Hadapsar,Pune34,673456
Shib35,Das,s@yash.com,9076439866,India,Maharastra,Pune,Hadapsar,Pune35,673456
Shib36,Das,s@yash.com,9076439867,India,Maharastra,Pune,Hadapsar,Pune36,673456
Shib37,Das,s@yash.com,9076439868,India,Maharastra,Pune,Hadapsar,Pune37,673456
Shib38,Das,s@yash.com,9076439869,India,Maharastra,Pune,Hadapsar,Pune38,673456
Shib39,Das,s@yash.com,9076439870,India,Maharastra,Pune,Hadapsar,Pune39,673456
Shib1,Das,s@yash.com,9076439832,India,Maharastra,Pune,Hadapsar,Pune1,673456
Shib2,Das,s@yash.com,9076439833,India,Maharastra,Pune,Hadapsar,Pune2,673456
Shib3,Das,s@yash.com,9076439834,India,Maharastra,Pune,Hadapsar,Pune3,673456
Shib4,Das,s@yash.com,9076439835,India,Maharastra,Pune,Hadapsar,Pune4,673456
Shib5,Das,s@yash.com,9076439836,India,Maharastra,Pune,Hadapsar,Pune5,673456
Shib6,Das,s@yash.com,9076439837,India,Maharastra,Pune,Hadapsar,Pune6,673456
Shib7,Das,s@yash.com,9076439838,India,Maharastra,Pune,Hadapsar,Pune7,673456
Shib8,Das,s@yash.com,9076439839,India,Maharastra,Pune,Hadapsar,Pune8,673456
Shib9,Das,s@yash.com,9076439840,India,Maharastra,Pune,Hadapsar,Pune9,673456
Shib10,Das,s@yash.com,9076439841,India,Maharastra,Pune,Hadapsar,Pune10,673456
Shib11,Das,s@yash.com,9076439842,India,Maharastra,Pune,Hadapsar,Pune11,673456
Shib12,Das,s@yash.com,9076439843,India,Maharastra,Pune,Hadapsar,Pune12,673456
Shib13,Das,s@yash.com,9076439844,India,Maharastra,Pune,Hadapsar,Pune13,673456
Shib14,Das,s@yash.com,9076439845,India,Maharastra,Pune,Hadapsar,Pune14,673456
Shib15,Das,s@yash.com,9076439846,India,Maharastra,Pune,Hadapsar,Pune15,673456
Shib16,Das,s@yash.com,9076439847,India,Maharastra,Pune,Hadapsar,Pune16,673456
Shib17,Das,s@yash.com,9076439848,India,Maharastra,Pune,Hadapsar,Pune17,673456
Shib18,Das,s@yash.com,9076439849,India,Maharastra,Pune,Hadapsar,Pune18,673456
Shib19,Das,s@yash.com,9076439850,India,Maharastra,Pune,Hadapsar,Pune19,673456
Shib20,Das,s@yash.com,9076439851,India,Maharastra,Pune,Hadapsar,Pune20,673456
Shib21,Das,s@yash.com,9076439852,India,Maharastra,Pune,Hadapsar,Pune21,673456
Shib22,Das,s@yash.com,9076439853,India,Maharastra,Pune,Hadapsar,Pune22,673456
Shib23,Das,s@yash.com,9076439854,India,Maharastra,Pune,Hadapsar,Pune23,673456
Shib24,Das,s@yash.com,9076439855,India,Maharastra,Pune,Hadapsar,Pune24,673456
Shib25,Das,s@yash.com,9076439856,India,Maharastra,Pune,Hadapsar,Pune25,673456
Shib26,Das,s@yash.com,9076439857,India,Maharastra,Pune,Hadapsar,Pune26,673456
Shib27,Das,s@yash.com,9076439858,India,Maharastra,Pune,Hadapsar,Pune27,673456
Shib28,Das,s@yash.com,9076439859,India,Maharastra,Pune,Hadapsar,Pune28,673456
Shib29,Das,s@yash.com,9076439860,India,Maharastra,Pune,Hadapsar,Pune29,673456
Shib30,Das,s@yash.com,9076439861,India,Maharastra,Pune,Hadapsar,Pune30,673456
Shib31,Das,s@yash.com,9076439862,India,Maharastra,Pune,Hadapsar,Pune31,673456
Shib32,Das,s@yash.com,9076439863,India,Maharastra,Pune,Hadapsar,Pune32,673456
Shib33,Das,s@yash.com,9076439864,India,Maharastra,Pune,Hadapsar,Pune33,673456
Shib34,Das,s@yash.com,9076439865,India,Maharastra,Pune,Hadapsar,Pune34,673456
Shib35,Das,s@yash.com,9076439866,India,Maharastra,Pune,Hadapsar,Pune35,673456
Shib36,Das,s@yash.com,9076439867,India,Maharastra,Pune,Hadapsar,Pune36,673456
Shib37,Das,s@yash.com,9076439868,India,Maharastra,Pune,Hadapsar,Pune37,673456
Shib38,Das,s@yash.com,9076439869,India,Maharastra,Pune,Hadapsar,Pune38,673456
Shib39,Das,s@yash.com,9076439870,India,Maharastra,Pune,Hadapsar,Pune39,673456
Shib1,Das,s@yash.com,9076439832,India,Maharastra,Pune,Hadapsar,Pune1,673456
Shib2,Das,s@yash.com,9076439833,India,Maharastra,Pune,Hadapsar,Pune2,673456
Shib3,Das,s@yash.com,9076439834,India,Maharastra,Pune,Hadapsar,Pune3,673456
Shib4,Das,s@yash.com,9076439835,India,Maharastra,Pune,Hadapsar,Pune4,673456
Shib5,Das,s@yash.com,9076439836,India,Maharastra,Pune,Hadapsar,Pune5,673456
Shib6,Das,s@yash.com,9076439837,India,Maharastra,Pune,Hadapsar,Pune6,673456
Shib7,Das,s@yash.com,9076439838,India,Maharastra,Pune,Hadapsar,Pune7,673456
Shib8,Das,s@yash.com,9076439839,India,Maharastra,Pune,Hadapsar,Pune8,673456
Shib9,Das,s@yash.com,9076439840,India,Maharastra,Pune,Hadapsar,Pune9,673456
Shib10,Das,s@yash.com,9076439841,India,Maharastra,Pune,Hadapsar,Pune10,673456
Shib11,Das,s@yash.com,9076439842,India,Maharastra,Pune,Hadapsar,Pune11,673456
Shib12,Das,s@yash.com,9076439843,India,Maharastra,Pune,Hadapsar,Pune12,673456
Shib13,Das,s@yash.com,9076439844,India,Maharastra,Pune,Hadapsar,Pune13,673456
Shib14,Das,s@yash.com,9076439845,India,Maharastra,Pune,Hadapsar,Pune14,673456
Shib15,Das,s@yash.com,9076439846,India,Maharastra,Pune,Hadapsar,Pune15,673456
Shib16,Das,s@yash.com,9076439847,India,Maharastra,Pune,Hadapsar,Pune16,673456
Shib17,Das,s@yash.com,9076439848,India,Maharastra,Pune,Hadapsar,Pune17,673456
Shib18,Das,s@yash.com,9076439849,India,Maharastra,Pune,Hadapsar,Pune18,673456
Shib19,Das,s@yash.com,9076439850,India,Maharastra,Pune,Hadapsar,Pune19,673456
Shib20,Das,s@yash.com,9076439851,India,Maharastra,Pune,Hadapsar,Pune20,673456
Shib21,Das,s@yash.com,9076439852,India,Maharastra,Pune,Hadapsar,Pune21,673456
Shib22,Das,s@yash.com,9076439853,India,Maharastra,Pune,Hadapsar,Pune22,673456
Shib23,Das,s@yash.com,9076439854,India,Maharastra,Pune,Hadapsar,Pune23,673456
Shib24,Das,s@yash.com,9076439855,India,Maharastra,Pune,Hadapsar,Pune24,673456
Shib25,Das,s@yash.com,9076439856,India,Maharastra,Pune,Hadapsar,Pune25,673456
Shib26,Das,s@yash.com,9076439857,India,Maharastra,Pune,Hadapsar,Pune26,673456
Shib27,Das,s@yash.com,9076439858,India,Maharastra,Pune,Hadapsar,Pune27,673456
Shib28,Das,s@yash.com,9076439859,India,Maharastra,Pune,Hadapsar,Pune28,673456
Shib29,Das,s@yash.com,9076439860,India,Maharastra,Pune,Hadapsar,Pune29,673456
Shib30,Das,s@yash.com,9076439861,India,Maharastra,Pune,Hadapsar,Pune30,673456
Shib31,Das,s@yash.com,9076439862,India,Maharastra,Pune,Hadapsar,Pune31,673456
Shib32,Das,s@yash.com,9076439863,India,Maharastra,Pune,Hadapsar,Pune32,673456
Shib33,Das,s@yash.com,9076439864,India,Maharastra,Pune,Hadapsar,Pune33,673456
Shib34,Das,s@yash.com,9076439865,India,Maharastra,Pune,Hadapsar,Pune34,673456
Shib35,Das,s@yash.com,9076439866,India,Maharastra,Pune,Hadapsar,Pune35,673456
Shib36,Das,s@yash.com,9076439867,India,Maharastra,Pune,Hadapsar,Pune36,673456
Shib37,Das,s@yash.com,9076439868,India,Maharastra,Pune,Hadapsar,Pune37,673456
Shib38,Das,s@yash.com,9076439869,India,Maharastra,Pune,Hadapsar,Pune38,673456
Shib39,Das,s@yash.com,9076439870,India,Maharastra,Pune,Hadapsar,Pune39,673456
Shib1,Das,s@yash.com,9076439832,India,Maharastra,Pune,Hadapsar,Pune1,673456
Shib2,Das,s@yash.com,9076439833,India,Maharastra,Pune,Hadapsar,Pune2,673456
Shib3,Das,s@yash.com,9076439834,India,Maharastra,Pune,Hadapsar,Pune3,673456
Shib4,Das,s@yash.com,9076439835,India,Maharastra,Pune,Hadapsar,Pune4,673456
Shib5,Das,s@yash.com,9076439836,India,Maharastra,Pune,Hadapsar,Pune5,673456
Shib6,Das,s@yash.com,9076439837,India,Maharastra,Pune,Hadapsar,Pune6,673456
Shib7,Das,s@yash.com,9076439838,India,Maharastra,Pune,Hadapsar,Pune7,673456
Shib8,Das,s@yash.com,9076439839,India,Maharastra,Pune,Hadapsar,Pune8,673456
Shib9,Das,s@yash.com,9076439840,India,Maharastra,Pune,Hadapsar,Pune9,673456
Shib10,Das,s@yash.com,9076439841,India,Maharastra,Pune,Hadapsar,Pune10,673456
Shib11,Das,s@yash.com,9076439842,India,Maharastra,Pune,Hadapsar,Pune11,673456
Shib12,Das,s@yash.com,9076439843,India,Maharastra,Pune,Hadapsar,Pune12,673456
Shib13,Das,s@yash.com,9076439844,India,Maharastra,Pune,Hadapsar,Pune13,673456
Shib14,Das,s@yash.com,9076439845,India,Maharastra,Pune,Hadapsar,Pune14,673456
Shib15,Das,s@yash.com,9076439846,India,Maharastra,Pune,Hadapsar,Pune15,673456
Shib16,Das,s@yash.com,9076439847,India,Maharastra,Pune,Hadapsar,Pune16,673456
Shib17,Das,s@yash.com,9076439848,India,Maharastra,Pune,Hadapsar,Pune17,673456
Shib18,Das,s@yash.com,9076439849,India,Maharastra,Pune,Hadapsar,Pune18,673456
Shib19,Das,s@yash.com,9076439850,India,Maharastra,Pune,Hadapsar,Pune19,673456
Shib20,Das,s@yash.com,9076439851,India,Maharastra,Pune,Hadapsar,Pune20,673456
Shib21,Das,s@yash.com,9076439852,India,Maharastra,Pune,Hadapsar,Pune21,673456
Shib22,Das,s@yash.com,9076439853,India,Maharastra,Pune,Hadapsar,Pune22,673456
Shib23,Das,s@yash.com,9076439854,India,Maharastra,Pune,Hadapsar,Pune23,673456
Shib24,Das,s@yash.com,9076439855,India,Maharastra,Pune,Hadapsar,Pune24,673456
Shib25,Das,s@yash.com,9076439856,India,Maharastra,Pune,Hadapsar,Pune25,673456
Shib26,Das,s@yash.com,9076439857,India,Maharastra,Pune,Hadapsar,Pune26,673456
Shib27,Das,s@yash.com,9076439858,India,Maharastra,Pune,Hadapsar,Pune27,673456
Shib28,Das,s@yash.com,9076439859,India,Maharastra,Pune,Hadapsar,Pune28,673456
Shib29,Das,s@yash.com,9076439860,India,Maharastra,Pune,Hadapsar,Pune29,673456
Shib30,Das,s@yash.com,9076439861,India,Maharastra,Pune,Hadapsar,Pune30,673456
Shib31,Das,s@yash.com,9076439862,India,Maharastra,Pune,Hadapsar,Pune31,673456
Shib32,Das,s@yash.com,9076439863,India,Maharastra,Pune,Hadapsar,Pune32,673456
Shib33,Das,s@yash.com,9076439864,India,Maharastra,Pune,Hadapsar,Pune33,673456
Shib34,Das,s@yash.com,9076439865,India,Maharastra,Pune,Hadapsar,Pune34,673456
Shib35,Das,s@yash.com,9076439866,India,Maharastra,Pune,Hadapsar,Pune35,673456
Shib36,Das,s@yash.com,9076439867,India,Maharastra,Pune,Hadapsar,Pune36,673456
Shib37,Das,s@yash.com,9076439868,India,Maharastra,Pune,Hadapsar,Pune37,673456
Shib38,Das,s@yash.com,9076439869,India,Maharastra,Pune,Hadapsar,Pune38,673456
Shib39,Das,s@yash.com,9076439870,India,Maharastra,Pune,Hadapsar,Pune39,673456
Shib1,Das,s@yash.com,9076439832,India,Maharastra,Pune,Hadapsar,Pune1,673456
Shib2,Das,s@yash.com,9076439833,India,Maharastra,Pune,Hadapsar,Pune2,673456
Shib3,Das,s@yash.com,9076439834,India,Maharastra,Pune,Hadapsar,Pune3,673456
Shib4,Das,s@yash.com,9076439835,India,Maharastra,Pune,Hadapsar,Pune4,673456
Shib5,Das,s@yash.com,9076439836,India,Maharastra,Pune,Hadapsar,Pune5,673456
Shib6,Das,s@yash.com,9076439837,India,Maharastra,Pune,Hadapsar,Pune6,673456
Shib7,Das,s@yash.com,9076439838,India,Maharastra,Pune,Hadapsar,Pune7,673456
Shib8,Das,s@yash.com,9076439839,India,Maharastra,Pune,Hadapsar,Pune8,673456
Shib9,Das,s@yash.com,9076439840,India,Maharastra,Pune,Hadapsar,Pune9,673456
Shib10,Das,s@yash.com,9076439841,India,Maharastra,Pune,Hadapsar,Pune10,673456
Shib11,Das,s@yash.com,9076439842,India,Maharastra,Pune,Hadapsar,Pune11,673456
Shib12,Das,s@yash.com,9076439843,India,Maharastra,Pune,Hadapsar,Pune12,673456
Shib13,Das,s@yash.com,9076439844,India,Maharastra,Pune,Hadapsar,Pune13,673456
Shib14,Das,s@yash.com,9076439845,India,Maharastra,Pune,Hadapsar,Pune14,673456
Shib15,Das,s@yash.com,9076439846,India,Maharastra,Pune,Hadapsar,Pune15,673456
Shib16,Das,s@yash.com,9076439847,India,Maharastra,Pune,Hadapsar,Pune16,673456
Shib17,Das,s@yash.com,9076439848,India,Maharastra,Pune,Hadapsar,Pune17,673456
Shib18,Das,s@yash.com,9076439849,India,Maharastra,Pune,Hadapsar,Pune18,673456
Shib19,Das,s@yash.com,9076439850,India,Maharastra,Pune,Hadapsar,Pune19,673456
Shib20,Das,s@yash.com,9076439851,India,Maharastra,Pune,Hadapsar,Pune20,673456
Shib21,Das,s@yash.com,9076439852,India,Maharastra,Pune,Hadapsar,Pune21,673456
Shib22,Das,s@yash.com,9076439853,India,Maharastra,Pune,Hadapsar,Pune22,673456
Shib23,Das,s@yash.com,9076439854,India,Maharastra,Pune,Hadapsar,Pune23,673456
Shib24,Das,s@yash.com,9076439855,India,Maharastra,Pune,Hadapsar,Pune24,673456
Shib25,Das,s@yash.com,9076439856,India,Maharastra,Pune,Hadapsar,Pune25,673456
Shib26,Das,s@yash.com,9076439857,India,Maharastra,Pune,Hadapsar,Pune26,673456
Shib27,Das,s@yash.com,9076439858,India,Maharastra,Pune,Hadapsar,Pune27,673456
Shib28,Das,s@yash.com,9076439859,India,Maharastra,Pune,Hadapsar,Pune28,673456
Shib29,Das,s@yash.com,9076439860,India,Maharastra,Pune,Hadapsar,Pune29,673456
Shib30,Das,s@yash.com,9076439861,India,Maharastra,Pune,Hadapsar,Pune30,673456
Shib31,Das,s@yash.com,9076439862,India,Maharastra,Pune,Hadapsar,Pune31,673456
Shib32,Das,s@yash.com,9076439863,India,Maharastra,Pune,Hadapsar,Pune32,673456
Shib33,Das,s@yash.com,9076439864,India,Maharastra,Pune,Hadapsar,Pune33,673456
Shib34,Das,s@yash.com,9076439865,India,Maharastra,Pune,Hadapsar,Pune34,673456
Shib35,Das,s@yash.com,9076439866,India,Maharastra,Pune,Hadapsar,Pune35,673456
Shib36,Das,s@yash.com,9076439867,India,Maharastra,Pune,Hadapsar,Pune36,673456
Shib37,Das,s@yash.com,9076439868,India,Maharastra,Pune,Hadapsar,Pune37,673456
Shib38,Das,s@yash.com,9076439869,India,Maharastra,Pune,Hadapsar,Pune38,673456
Shib39,Das,s@yash.com,9076439870,India,Maharastra,Pune,Hadapsar,Pune39,673456
Shib1,Das,s@yash.com,9076439832,India,Maharastra,Pune,Hadapsar,Pune1,673456
Shib2,Das,s@yash.com,9076439833,India,Maharastra,Pune,Hadapsar,Pune2,673456
Shib3,Das,s@yash.com,9076439834,India,Maharastra,Pune,Hadapsar,Pune3,673456
Shib4,Das,s@yash.com,9076439835,India,Maharastra,Pune,Hadapsar,Pune4,673456
Shib5,Das,s@yash.com,9076439836,India,Maharastra,Pune,Hadapsar,Pune5,673456
Shib6,Das,s@yash.com,9076439837,India,Maharastra,Pune,Hadapsar,Pune6,673456
Shib7,Das,s@yash.com,9076439838,India,Maharastra,Pune,Hadapsar,Pune7,673456
Shib8,Das,s@yash.com,9076439839,India,Maharastra,Pune,Hadapsar,Pune8,673456
Shib9,Das,s@yash.com,9076439840,India,Maharastra,Pune,Hadapsar,Pune9,673456
Shib10,Das,s@yash.com,9076439841,India,Maharastra,Pune,Hadapsar,Pune10,673456
Shib11,Das,s@yash.com,9076439842,India,Maharastra,Pune,Hadapsar,Pune11,673456
Shib12,Das,s@yash.com,9076439843,India,Maharastra,Pune,Hadapsar,Pune12,673456
Shib13,Das,s@yash.com,9076439844,India,Maharastra,Pune,Hadapsar,Pune13,673456
Shib14,Das,s@yash.com,9076439845,India,Maharastra,Pune,Hadapsar,Pune14,673456
Shib15,Das,s@yash.com,9076439846,India,Maharastra,Pune,Hadapsar,Pune15,673456
Shib16,Das,s@yash.com,9076439847,India,Maharastra,Pune,Hadapsar,Pune16,673456
Shib17,Das,s@yash.com,9076439848,India,Maharastra,Pune,Hadapsar,Pune17,673456
Shib18,Das,s@yash.com,9076439849,India,Maharastra,Pune,Hadapsar,Pune18,673456
Shib19,Das,s@yash.com,9076439850,India,Maharastra,Pune,Hadapsar,Pune19,673456
Shib20,Das,s@yash.com,9076439851,India,Maharastra,Pune,Hadapsar,Pune20,673456
Shib21,Das,s@yash.com,9076439852,India,Maharastra,Pune,Hadapsar,Pune21,673456
Shib22,Das,s@yash.com,9076439853,India,Maharastra,Pune,Hadapsar,Pune22,673456
Shib23,Das,s@yash.com,9076439854,India,Maharastra,Pune,Hadapsar,Pune23,673456
Shib24,Das,s@yash.com,9076439855,India,Maharastra,Pune,Hadapsar,Pune24,673456
Shib25,Das,s@yash.com,9076439856,India,Maharastra,Pune,Hadapsar,Pune25,673456
Shib26,Das,s@yash.com,9076439857,India,Maharastra,Pune,Hadapsar,Pune26,673456
Shib27,Das,s@yash.com,9076439858,India,Maharastra,Pune,Hadapsar,Pune27,673456
Shib28,Das,s@yash.com,9076439859,India,Maharastra,Pune,Hadapsar,Pune28,673456
Shib29,Das,s@yash.com,9076439860,India,Maharastra,Pune,Hadapsar,Pune29,673456
Shib30,Das,s@yash.com,9076439861,India,Maharastra,Pune,Hadapsar,Pune30,673456
Shib31,Das,s@yash.com,9076439862,India,Maharastra,Pune,Hadapsar,Pune31,673456
Shib32,Das,s@yash.com,9076439863,India,Maharastra,Pune,Hadapsar,Pune32,673456
Shib33,Das,s@yash.com,9076439864,India,Maharastra,Pune,Hadapsar,Pune33,673456
Shib34,Das,s@yash.com,9076439865,India,Maharastra,Pune,Hadapsar,Pune34,673456
Shib35,Das,s@yash.com,9076439866,India,Maharastra,Pune,Hadapsar,Pune35,673456
Shib36,Das,s@yash.com,9076439867,India,Maharastra,Pune,Hadapsar,Pune36,673456
Shib37,Das,s@yash.com,9076439868,India,Maharastra,Pune,Hadapsar,Pune37,673456
Shib38,Das,s@yash.com,9076439869,India,Maharastra,Pune,Hadapsar,Pune38,673456
Shib39,Das,s@yash.com,9076439870,India,Maharastra,Pune,Hadapsar,Pune39,673456
Shib1,Das,s@yash.com,9076439832,India,Maharastra,Pune,Hadapsar,Pune1,673456
Shib2,Das,s@yash.com,9076439833,India,Maharastra,Pune,Hadapsar,Pune2,673456
Shib3,Das,s@yash.com,9076439834,India,Maharastra,Pune,Hadapsar,Pune3,673456
Shib4,Das,s@yash.com,9076439835,India,Maharastra,Pune,Hadapsar,Pune4,673456
Shib5,Das,s@yash.com,9076439836,India,Maharastra,Pune,Hadapsar,Pune5,673456
Shib6,Das,s@yash.com,9076439837,India,Maharastra,Pune,Hadapsar,Pune6,673456
Shib7,Das,s@yash.com,9076439838,India,Maharastra,Pune,Hadapsar,Pune7,673456
Shib8,Das,s@yash.com,9076439839,India,Maharastra,Pune,Hadapsar,Pune8,673456
Shib9,Das,s@yash.com,9076439840,India,Maharastra,Pune,Hadapsar,Pune9,673456
Shib10,Das,s@yash.com,9076439841,India,Maharastra,Pune,Hadapsar,Pune10,673456
Shib11,Das,s@yash.com,9076439842,India,Maharastra,Pune,Hadapsar,Pune11,673456
Shib12,Das,s@yash.com,9076439843,India,Maharastra,Pune,Hadapsar,Pune12,673456
Shib13,Das,s@yash.com,9076439844,India,Maharastra,Pune,Hadapsar,Pune13,673456
Shib14,Das,s@yash.com,9076439845,India,Maharastra,Pune,Hadapsar,Pune14,673456
Shib15,Das,s@yash.com,9076439846,India,Maharastra,Pune,Hadapsar,Pune15,673456
Shib16,Das,s@yash.com,9076439847,India,Maharastra,Pune,Hadapsar,Pune16,673456
Shib17,Das,s@yash.com,9076439848,India,Maharastra,Pune,Hadapsar,Pune17,673456
Shib18,Das,s@yash.com,9076439849,India,Maharastra,Pune,Hadapsar,Pune18,673456
Shib19,Das,s@yash.com,9076439850,India,Maharastra,Pune,Hadapsar,Pune19,673456
Shib20,Das,s@yash.com,9076439851,India,Maharastra,Pune,Hadapsar,Pune20,673456
Shib21,Das,s@yash.com,9076439852,India,Maharastra,Pune,Hadapsar,Pune21,673456
Shib22,Das,s@yash.com,9076439853,India,Maharastra,Pune,Hadapsar,Pune22,673456
Shib23,Das,s@yash.com,9076439854,India,Maharastra,Pune,Hadapsar,Pune23,673456
Shib24,Das,s@yash.com,9076439855,India,Maharastra,Pune,Hadapsar,Pune24,673456
Shib25,Das,s@yash.com,9076439856,India,Maharastra,Pune,Hadapsar,Pune25,673456
Shib26,Das,s@yash.com,9076439857,India,Maharastra,Pune,Hadapsar,Pune26,673456
Shib27,Das,s@yash.com,9076439858,India,Maharastra,Pune,Hadapsar,Pune27,673456
Shib28,Das,s@yash.com,9076439859,India,Maharastra,Pune,Hadapsar,Pune28,673456
Shib29,Das,s@yash.com,9076439860,India,Maharastra,Pune,Hadapsar,Pune29,673456
Shib30,Das,s@yash.com,9076439861,India,Maharastra,Pune,Hadapsar,Pune30,673456
Shib31,Das,s@yash.com,9076439862,India,Maharastra,Pune,Hadapsar,Pune31,673456
Shib32,Das,s@yash.com,9076439863,India,Maharastra,Pune,Hadapsar,Pune32,673456
Shib33,Das,s@yash.com,9076439864,India,Maharastra,Pune,Hadapsar,Pune33,673456
Shib34,Das,s@yash.com,9076439865,India,Maharastra,Pune,Hadapsar,Pune34,673456
Shib35,Das,s@yash.com,9076439866,India,Maharastra,Pune,Hadapsar,Pune35,673456
Shib36,Das,s@yash.com,9076439867,India,Maharastra,Pune,Hadapsar,Pune36,673456
Shib37,Das,s@yash.com,9076439868,India,Maharastra,Pune,Hadapsar,Pune37,673456
Shib38,Das,s@yash.com,9076439869,India,Maharastra,Pune,Hadapsar,Pune38,673456
Shib39,Das,s@yash.com,9076439870,India,Maharastra,Pune,Hadapsar,Pune39,673456
Shib1,Das,s@yash.com,9076439832,India,Maharastra,Pune,Hadapsar,Pune1,673456
Shib2,Das,s@yash.com,9076439833,India,Maharastra,Pune,Hadapsar,Pune2,673456
Shib3,Das,s@yash.com,9076439834,India,Maharastra,Pune,Hadapsar,Pune3,673456
Shib4,Das,s@yash.com,9076439835,India,Maharastra,Pune,Hadapsar,Pune4,673456
Shib5,Das,s@yash.com,9076439836,India,Maharastra,Pune,Hadapsar,Pune5,673456
Shib6,Das,s@yash.com,9076439837,India,Maharastra,Pune,Hadapsar,Pune6,673456
Shib7,Das,s@yash.com,9076439838,India,Maharastra,Pune,Hadapsar,Pune7,673456
Shib8,Das,s@yash.com,9076439839,India,Maharastra,Pune,Hadapsar,Pune8,673456
Shib9,Das,s@yash.com,9076439840,India,Maharastra,Pune,Hadapsar,Pune9,673456
Shib10,Das,s@yash.com,9076439841,India,Maharastra,Pune,Hadapsar,Pune10,673456
Shib11,Das,s@yash.com,9076439842,India,Maharastra,Pune,Hadapsar,Pune11,673456
Shib12,Das,s@yash.com,9076439843,India,Maharastra,Pune,Hadapsar,Pune12,673456
Shib13,Das,s@yash.com,9076439844,India,Maharastra,Pune,Hadapsar,Pune13,673456
Shib14,Das,s@yash.com,9076439845,India,Maharastra,Pune,Hadapsar,Pune14,673456
Shib15,Das,s@yash.com,9076439846,India,Maharastra,Pune,Hadapsar,Pune15,673456
Shib16,Das,s@yash.com,9076439847,India,Maharastra,Pune,Hadapsar,Pune16,673456
Shib17,Das,s@yash.com,9076439848,India,Maharastra,Pune,Hadapsar,Pune17,673456
Shib18,Das,s@yash.com,9076439849,India,Maharastra,Pune,Hadapsar,Pune18,673456
Shib19,Das,s@yash.com,9076439850,India,Maharastra,Pune,Hadapsar,Pune19,673456
Shib20,Das,s@yash.com,9076439851,India,Maharastra,Pune,Hadapsar,Pune20,673456
Shib21,Das,s@yash.com,9076439852,India,Maharastra,Pune,Hadapsar,Pune21,673456
Shib22,Das,s@yash.com,9076439853,India,Maharastra,Pune,Hadapsar,Pune22,673456
Shib23,Das,s@yash.com,9076439854,India,Maharastra,Pune,Hadapsar,Pune23,673456
Shib24,Das,s@yash.com,9076439855,India,Maharastra,Pune,Hadapsar,Pune24,673456
Shib25,Das,s@yash.com,9076439856,India,Maharastra,Pune,Hadapsar,Pune25,673456
Shib26,Das,s@yash.com,9076439857,India,Maharastra,Pune,Hadapsar,Pune26,673456
Shib27,Das,s@yash.com,9076439858,India,Maharastra,Pune,Hadapsar,Pune27,673456
Shib28,Das,s@yash.com,9076439859,India,Maharastra,Pune,Hadapsar,Pune28,673456
Shib29,Das,s@yash.com,9076439860,India,Maharastra,Pune,Hadapsar,Pune29,673456
Shib30,Das,s@yash.com,9076439861,India,Maharastra,Pune,Hadapsar,Pune30,673456
Shib31,Das,s@yash.com,9076439862,India,Maharastra,Pune,Hadapsar,Pune31,673456
Shib32,Das,s@yash.com,9076439863,India,Maharastra,Pune,Hadapsar,Pune32,673456
Shib33,Das,s@yash.com,9076439864,India,Maharastra,Pune,Hadapsar,Pune33,673456
Shib34,Das,s@yash.com,9076439865,India,Maharastra,Pune,Hadapsar,Pune34,673456
Shib35,Das,s@yash.com,9076439866,India,Maharastra,Pune,Hadapsar,Pune35,673456
Shib36,Das,s@yash.com,9076439867,India,Maharastra,Pune,Hadapsar,Pune36,673456
Shib37,Das,s@yash.com,9076439868,India,Maharastra,Pune,Hadapsar,Pune37,673456
Shib38,Das,s@yash.com,9076439869,India,Maharastra,Pune,Hadapsar,Pune38,673456
Shib39,Das,s@yash.com,9076439870,India,Maharastra,Pune,Hadapsar,Pune39,673456
Shib1,Das,s@yash.com,9076439832,India,Maharastra,Pune,Hadapsar,Pune1,673456
Shib2,Das,s@yash.com,9076439833,India,Maharastra,Pune,Hadapsar,Pune2,673456
Shib3,Das,s@yash.com,9076439834,India,Maharastra,Pune,Hadapsar,Pune3,673456
Shib4,Das,s@yash.com,9076439835,India,Maharastra,Pune,Hadapsar,Pune4,673456
Shib5,Das,s@yash.com,9076439836,India,Maharastra,Pune,Hadapsar,Pune5,673456
Shib6,Das,s@yash.com,9076439837,India,Maharastra,Pune,Hadapsar,Pune6,673456
Shib7,Das,s@yash.com,9076439838,India,Maharastra,Pune,Hadapsar,Pune7,673456
Shib8,Das,s@yash.com,9076439839,India,Maharastra,Pune,Hadapsar,Pune8,673456
Shib9,Das,s@yash.com,9076439840,India,Maharastra,Pune,Hadapsar,Pune9,673456
Shib10,Das,s@yash.com,9076439841,India,Maharastra,Pune,Hadapsar,Pune10,673456
Shib11,Das,s@yash.com,9076439842,India,Maharastra,Pune,Hadapsar,Pune11,673456
Shib12,Das,s@yash.com,9076439843,India,Maharastra,Pune,Hadapsar,Pune12,673456
Shib13,Das,s@yash.com,9076439844,India,Maharastra,Pune,Hadapsar,Pune13,673456
Shib14,Das,s@yash.com,9076439845,India,Maharastra,Pune,Hadapsar,Pune14,673456
Shib15,Das,s@yash.com,9076439846,India,Maharastra,Pune,Hadapsar,Pune15,673456
Shib16,Das,s@yash.com,9076439847,India,Maharastra,Pune,Hadapsar,Pune16,673456
Shib17,Das,s@yash.com,9076439848,India,Maharastra,Pune,Hadapsar,Pune17,673456
Shib18,Das,s@yash.com,9076439849,India,Maharastra,Pune,Hadapsar,Pune18,673456
Shib19,Das,s@yash.com,9076439850,India,Maharastra,Pune,Hadapsar,Pune19,673456
Shib20,Das,s@yash.com,9076439851,India,Maharastra,Pune,Hadapsar,Pune20,673456
Shib21,Das,s@yash.com,9076439852,India,Maharastra,Pune,Hadapsar,Pune21,673456
Shib22,Das,s@yash.com,9076439853,India,Maharastra,Pune,Hadapsar,Pune22,673456
Shib23,Das,s@yash.com,9076439854,India,Maharastra,Pune,Hadapsar,Pune23,673456
Shib24,Das,s@yash.com,9076439855,India,Maharastra,Pune,Hadapsar,Pune24,673456
Shib25,Das,s@yash.com,9076439856,India,Maharastra,Pune,Hadapsar,Pune25,673456
Shib26,Das,s@yash.com,9076439857,India,Maharastra,Pune,Hadapsar,Pune26,673456
Shib27,Das,s@yash.com,9076439858,India,Maharastra,Pune,Hadapsar,Pune27,673456
Shib28,Das,s@yash.com,9076439859,India,Maharastra,Pune,Hadapsar,Pune28,673456
Shib29,Das,s@yash.com,9076439860,India,Maharastra,Pune,Hadapsar,Pune29,673456
Shib30,Das,s@yash.com,9076439861,India,Maharastra,Pune,Hadapsar,Pune30,673456
Shib31,Das,s@yash.com,9076439862,India,Maharastra,Pune,Hadapsar,Pune31,673456
Shib32,Das,s@yash.com,9076439863,India,Maharastra,Pune,Hadapsar,Pune32,673456
Shib33,Das,s@yash.com,9076439864,India,Maharastra,Pune,Hadapsar,Pune33,673456
Shib34,Das,s@yash.com,9076439865,India,Maharastra,Pune,Hadapsar,Pune34,673456
Shib35,Das,s@yash.com,9076439866,India,Maharastra,Pune,Hadapsar,Pune35,673456
Shib36,Das,s@yash.com,9076439867,India,Maharastra,Pune,Hadapsar,Pune36,673456
Shib37,Das,s@yash.com,9076439868,India,Maharastra,Pune,Hadapsar,Pune37,673456
Shib38,Das,s@yash.com,9076439869,India,Maharastra,Pune,Hadapsar,Pune38,673456
Shib39,Das,s@yash.com,9076439870,India,Maharastra,Pune,Hadapsar,Pune39,673456
Shib1,Das,s@yash.com,9076439832,India,Maharastra,Pune,Hadapsar,Pune1,673456
Shib2,Das,s@yash.com,9076439833,India,Maharastra,Pune,Hadapsar,Pune2,673456
Shib3,Das,s@yash.com,9076439834,India,Maharastra,Pune,Hadapsar,Pune3,673456
Shib4,Das,s@yash.com,9076439835,India,Maharastra,Pune,Hadapsar,Pune4,673456
Shib5,Das,s@yash.com,9076439836,India,Maharastra,Pune,Hadapsar,Pune5,673456
Shib6,Das,s@yash.com,9076439837,India,Maharastra,Pune,Hadapsar,Pune6,673456
Shib7,Das,s@yash.com,9076439838,India,Maharastra,Pune,Hadapsar,Pune7,673456
Shib8,Das,s@yash.com,9076439839,India,Maharastra,Pune,Hadapsar,Pune8,673456
Shib9,Das,s@yash.com,9076439840,India,Maharastra,Pune,Hadapsar,Pune9,673456
Shib10,Das,s@yash.com,9076439841,India,Maharastra,Pune,Hadapsar,Pune10,673456
Shib11,Das,s@yash.com,9076439842,India,Maharastra,Pune,Hadapsar,Pune11,673456
Shib12,Das,s@yash.com,9076439843,India,Maharastra,Pune,Hadapsar,Pune12,673456
Shib13,Das,s@yash.com,9076439844,India,Maharastra,Pune,Hadapsar,Pune13,673456
Shib14,Das,s@yash.com,9076439845,India,Maharastra,Pune,Hadapsar,Pune14,673456
Shib15,Das,s@yash.com,9076439846,India,Maharastra,Pune,Hadapsar,Pune15,673456
Shib16,Das,s@yash.com,9076439847,India,Maharastra,Pune,Hadapsar,Pune16,673456
Shib17,Das,s@yash.com,9076439848,India,Maharastra,Pune,Hadapsar,Pune17,673456
Shib18,Das,s@yash.com,9076439849,India,Maharastra,Pune,Hadapsar,Pune18,673456
Shib19,Das,s@yash.com,9076439850,India,Maharastra,Pune,Hadapsar,Pune19,673456
Shib20,Das,s@yash.com,9076439851,India,Maharastra,Pune,Hadapsar,Pune20,673456
Shib21,Das,s@yash.com,9076439852,India,Maharastra,Pune,Hadapsar,Pune21,673456
Shib22,Das,s@yash.com,9076439853,India,Maharastra,Pune,Hadapsar,Pune22,673456
Shib23,Das,s@yash.com,9076439854,India,Maharastra,Pune,Hadapsar,Pune23,673456
Shib24,Das,s@yash.com,9076439855,India,Maharastra,Pune,Hadapsar,Pune24,673456
Shib25,Das,s@yash.com,9076439856,India,Maharastra,Pune,Hadapsar,Pune25,673456
Shib26,Das,s@yash.com,9076439857,India,Maharastra,Pune,Hadapsar,Pune26,673456
Shib27,Das,s@yash.com,9076439858,India,Maharastra,Pune,Hadapsar,Pune27,673456
Shib28,Das,s@yash.com,9076439859,India,Maharastra,Pune,Hadapsar,Pune28,673456
Shib29,Das,s@yash.com,9076439860,India,Maharastra,Pune,Hadapsar,Pune29,673456
Shib30,Das,s@yash.com,9076439861,India,Maharastra,Pune,Hadapsar,Pune30,673456
Shib31,Das,s@yash.com,9076439862,India,Maharastra,Pune,Hadapsar,Pune31,673456
Shib32,Das,s@yash.com,9076439863,India,Maharastra,Pune,Hadapsar,Pune32,673456
Shib33,Das,s@yash.com,9076439864,India,Maharastra,Pune,Hadapsar,Pune33,673456
Shib34,Das,s@yash.com,9076439865,India,Maharastra,Pune,Hadapsar,Pune34,673456
Shib35,Das,s@yash.com,9076439866,India,Maharastra,Pune,Hadapsar,Pune35,673456
Shib36,Das,s@yash.com,9076439867,India,Maharastra,Pune,Hadapsar,Pune36,673456
Shib37,Das,s@yash.com,9076439868,India,Maharastra,Pune,Hadapsar,Pune37,673456
Shib38,Das,s@yash.com,9076439869,India,Maharastra,Pune,Hadapsar,Pune38,673456
Shib39,Das,s@yash.com,9076439870,India,Maharastra,Pune,Hadapsar,Pune39,673456
Shib1,Das,s@yash.com,9076439832,India,Maharastra,Pune,Hadapsar,Pune1,673456
Shib2,Das,s@yash.com,9076439833,India,Maharastra,Pune,Hadapsar,Pune2,673456
Shib3,Das,s@yash.com,9076439834,India,Maharastra,Pune,Hadapsar,Pune3,673456
Shib4,Das,s@yash.com,9076439835,India,Maharastra,Pune,Hadapsar,Pune4,673456
Shib5,Das,s@yash.com,9076439836,India,Maharastra,Pune,Hadapsar,Pune5,673456
Shib6,Das,s@yash.com,9076439837,India,Maharastra,Pune,Hadapsar,Pune6,673456
Shib7,Das,s@yash.com,9076439838,India,Maharastra,Pune,Hadapsar,Pune7,673456
Shib8,Das,s@yash.com,9076439839,India,Maharastra,Pune,Hadapsar,Pune8,673456
Shib9,Das,s@yash.com,9076439840,India,Maharastra,Pune,Hadapsar,Pune9,673456
Shib10,Das,s@yash.com,9076439841,India,Maharastra,Pune,Hadapsar,Pune10,673456
Shib11,Das,s@yash.com,9076439842,India,Maharastra,Pune,Hadapsar,Pune11,673456
Shib12,Das,s@yash.com,9076439843,India,Maharastra,Pune,Hadapsar,Pune12,673456
Shib13,Das,s@yash.com,9076439844,India,Maharastra,Pune,Hadapsar,Pune13,673456
Shib14,Das,s@yash.com,9076439845,India,Maharastra,Pune,Hadapsar,Pune14,673456
Shib15,Das,s@yash.com,9076439846,India,Maharastra,Pune,Hadapsar,Pune15,673456
Shib16,Das,s@yash.com,9076439847,India,Maharastra,Pune,Hadapsar,Pune16,673456
Shib17,Das,s@yash.com,9076439848,India,Maharastra,Pune,Hadapsar,Pune17,673456
Shib18,Das,s@yash.com,9076439849,India,Maharastra,Pune,Hadapsar,Pune18,673456
Shib19,Das,s@yash.com,9076439850,India,Maharastra,Pune,Hadapsar,Pune19,673456
Shib20,Das,s@yash.com,9076439851,India,Maharastra,Pune,Hadapsar,Pune20,673456
Shib21,Das,s@yash.com,9076439852,India,Maharastra,Pune,Hadapsar,Pune21,673456
Shib22,Das,s@yash.com,9076439853,India,Maharastra,Pune,Hadapsar,Pune22,673456
Shib23,Das,s@yash.com,9076439854,India,Maharastra,Pune,Hadapsar,Pune23,673456
Shib24,Das,s@yash.com,9076439855,India,Maharastra,Pune,Hadapsar,Pune24,673456
Shib25,Das,s@yash.com,9076439856,India,Maharastra,Pune,Hadapsar,Pune25,673456
Shib26,Das,s@yash.com,9076439857,India,Maharastra,Pune,Hadapsar,Pune26,673456
Shib27,Das,s@yash.com,9076439858,India,Maharastra,Pune,Hadapsar,Pune27,673456
Shib28,Das,s@yash.com,9076439859,India,Maharastra,Pune,Hadapsar,Pune28,673456
Shib29,Das,s@yash.com,9076439860,India,Maharastra,Pune,Hadapsar,Pune29,673456
Shib30,Das,s@yash.com,9076439861,India,Maharastra,Pune,Hadapsar,Pune30,673456
Shib31,Das,s@yash.com,9076439862,India,Maharastra,Pune,Hadapsar,Pune31,673456
Shib32,Das,s@yash.com,9076439863,India,Maharastra,Pune,Hadapsar,Pune32,673456
Shib33,Das,s@yash.com,9076439864,India,Maharastra,Pune,Hadapsar,Pune33,673456
Shib34,Das,s@yash.com,9076439865,India,Maharastra,Pune,Hadapsar,Pune34,673456
Shib35,Das,s@yash.com,9076439866,India,Maharastra,Pune,Hadapsar,Pune35,673456
Shib36,Das,s@yash.com,9076439867,India,Maharastra,Pune,Hadapsar,Pune36,673456
Shib37,Das,s@yash.com,9076439868,India,Maharastra,Pune,Hadapsar,Pune37,673456
Shib38,Das,s@yash.com,9076439869,India,Maharastra,Pune,Hadapsar,Pune38,673456
Shib39,Das,s@yash.com,9076439870,India,Maharastra,Pune,Hadapsar,Pune39,673456
Shib1,Das,s@yash.com,9076439832,India,Maharastra,Pune,Hadapsar,Pune1,673456
Shib2,Das,s@yash.com,9076439833,India,Maharastra,Pune,Hadapsar,Pune2,673456
Shib3,Das,s@yash.com,9076439834,India,Maharastra,Pune,Hadapsar,Pune3,673456
Shib4,Das,s@yash.com,9076439835,India,Maharastra,Pune,Hadapsar,Pune4,673456
Shib5,Das,s@yash.com,9076439836,India,Maharastra,Pune,Hadapsar,Pune5,673456
Shib6,Das,s@yash.com,9076439837,India,Maharastra,Pune,Hadapsar,Pune6,673456
Shib7,Das,s@yash.com,9076439838,India,Maharastra,Pune,Hadapsar,Pune7,673456
Shib8,Das,s@yash.com,9076439839,India,Maharastra,Pune,Hadapsar,Pune8,673456
Shib9,Das,s@yash.com,9076439840,India,Maharastra,Pune,Hadapsar,Pune9,673456
Shib10,Das,s@yash.com,9076439841,India,Maharastra,Pune,Hadapsar,Pune10,673456
Shib11,Das,s@yash.com,9076439842,India,Maharastra,Pune,Hadapsar,Pune11,673456
Shib12,Das,s@yash.com,9076439843,India,Maharastra,Pune,Hadapsar,Pune12,673456
Shib13,Das,s@yash.com,9076439844,India,Maharastra,Pune,Hadapsar,Pune13,673456
Shib14,Das,s@yash.com,9076439845,India,Maharastra,Pune,Hadapsar,Pune14,673456
Shib15,Das,s@yash.com,9076439846,India,Maharastra,Pune,Hadapsar,Pune15,673456
Shib16,Das,s@yash.com,9076439847,India,Maharastra,Pune,Hadapsar,Pune16,673456
Shib17,Das,s@yash.com,9076439848,India,Maharastra,Pune,Hadapsar,Pune17,673456
Shib18,Das,s@yash.com,9076439849,India,Maharastra,Pune,Hadapsar,Pune18,673456
Shib19,Das,s@yash.com,9076439850,India,Maharastra,Pune,Hadapsar,Pune19,673456
Shib20,Das,s@yash.com,9076439851,India,Maharastra,Pune,Hadapsar,Pune20,673456
Shib21,Das,s@yash.com,9076439852,India,Maharastra,Pune,Hadapsar,Pune21,673456
Shib22,Das,s@yash.com,9076439853,India,Maharastra,Pune,Hadapsar,Pune22,673456
Shib23,Das,s@yash.com,9076439854,India,Maharastra,Pune,Hadapsar,Pune23,673456
Shib24,Das,s@yash.com,9076439855,India,Maharastra,Pune,Hadapsar,Pune24,673456
Shib25,Das,s@yash.com,9076439856,India,Maharastra,Pune,Hadapsar,Pune25,673456
Shib26,Das,s@yash.com,9076439857,India,Maharastra,Pune,Hadapsar,Pune26,673456
Shib27,Das,s@yash.com,9076439858,India,Maharastra,Pune,Hadapsar,Pune27,673456
Shib28,Das,s@yash.com,9076439859,India,Maharastra,Pune,Hadapsar,Pune28,673456
Shib29,Das,s@yash.com,9076439860,India,Maharastra,Pune,Hadapsar,Pune29,673456
Shib30,Das,s@yash.com,9076439861,India,Maharastra,Pune,Hadapsar,Pune30,673456
Shib31,Das,s@yash.com,9076439862,India,Maharastra,Pune,Hadapsar,Pune31,673456
Shib32,Das,s@yash.com,9076439863,India,Maharastra,Pune,Hadapsar,Pune32,673456
Shib33,Das,s@yash.com,9076439864,India,Maharastra,Pune,Hadapsar,Pune33,673456
Shib34,Das,s@yash.com,9076439865,India,Maharastra,Pune,Hadapsar,Pune34,673456
Shib35,Das,s@yash.com,9076439866,India,Maharastra,Pune,Hadapsar,Pune35,673456
Shib36,Das,s@yash.com,9076439867,India,Maharastra,Pune,Hadapsar,Pune36,673456
Shib37,Das,s@yash.com,9076439868,India,Maharastra,Pune,Hadapsar,Pune37,673456
Shib38,Das,s@yash.com,9076439869,India,Maharastra,Pune,Hadapsar,Pune38,673456
Shib39,Das,s@yash.com,9076439870,India,Maharastra,Pune,Hadapsar,Pune39,673456
Shib1,Das,s@yash.com,9076439832,India,Maharastra,Pune,Hadapsar,Pune1,673456
Shib2,Das,s@yash.com,9076439833,India,Maharastra,Pune,Hadapsar,Pune2,673456
Shib3,Das,s@yash.com,9076439834,India,Maharastra,Pune,Hadapsar,Pune3,673456
Shib4,Das,s@yash.com,9076439835,India,Maharastra,Pune,Hadapsar,Pune4,673456
Shib5,Das,s@yash.com,9076439836,India,Maharastra,Pune,Hadapsar,Pune5,673456
Shib6,Das,s@yash.com,9076439837,India,Maharastra,Pune,Hadapsar,Pune6,673456
Shib7,Das,s@yash.com,9076439838,India,Maharastra,Pune,Hadapsar,Pune7,673456
Shib8,Das,s@yash.com,9076439839,India,Maharastra,Pune,Hadapsar,Pune8,673456
Shib9,Das,s@yash.com,9076439840,India,Maharastra,Pune,Hadapsar,Pune9,673456
Shib10,Das,s@yash.com,9076439841,India,Maharastra,Pune,Hadapsar,Pune10,673456
Shib11,Das,s@yash.com,9076439842,India,Maharastra,Pune,Hadapsar,Pune11,673456
Shib12,Das,s@yash.com,9076439843,India,Maharastra,Pune,Hadapsar,Pune12,673456
Shib13,Das,s@yash.com,9076439844,India,Maharastra,Pune,Hadapsar,Pune13,673456
Shib14,Das,s@yash.com,9076439845,India,Maharastra,Pune,Hadapsar,Pune14,673456
Shib15,Das,s@yash.com,9076439846,India,Maharastra,Pune,Hadapsar,Pune15,673456
Shib16,Das,s@yash.com,9076439847,India,Maharastra,Pune,Hadapsar,Pune16,673456
Shib17,Das,s@yash.com,9076439848,India,Maharastra,Pune,Hadapsar,Pune17,673456
Shib18,Das,s@yash.com,9076439849,India,Maharastra,Pune,Hadapsar,Pune18,673456
Shib19,Das,s@yash.com,9076439850,India,Maharastra,Pune,Hadapsar,Pune19,673456
Shib20,Das,s@yash.com,9076439851,India,Maharastra,Pune,Hadapsar,Pune20,673456
Shib21,Das,s@yash.com,9076439852,India,Maharastra,Pune,Hadapsar,Pune21,673456
Shib22,Das,s@yash.com,9076439853,India,Maharastra,Pune,Hadapsar,Pune22,673456
Shib23,Das,s@yash.com,9076439854,India,Maharastra,Pune,Hadapsar,Pune23,673456
Shib24,Das,s@yash.com,9076439855,India,Maharastra,Pune,Hadapsar,Pune24,673456
Shib25,Das,s@yash.com,9076439856,India,Maharastra,Pune,Hadapsar,Pune25,673456
Shib26,Das,s@yash.com,9076439857,India,Maharastra,Pune,Hadapsar,Pune26,673456
Shib27,Das,s@yash.com,9076439858,India,Maharastra,Pune,Hadapsar,Pune27,673456
Shib28,Das,s@yash.com,9076439859,India,Maharastra,Pune,Hadapsar,Pune28,673456
Shib29,Das,s@yash.com,9076439860,India,Maharastra,Pune,Hadapsar,Pune29,673456
Shib30,Das,s@yash.com,9076439861,India,Maharastra,Pune,Hadapsar,Pune30,673456
Shib31,Das,s@yash.com,9076439862,India,Maharastra,Pune,Hadapsar,Pune31,673456
Shib32,Das,s@yash.com,9076439863,India,Maharastra,Pune,Hadapsar,Pune32,673456
Shib33,Das,s@yash.com,9076439864,India,Maharastra,Pune,Hadapsar,Pune33,673456
Shib34,Das,s@yash.com,9076439865,India,Maharastra,Pune,Hadapsar,Pune34,673456
Shib35,Das,s@yash.com,9076439866,India,Maharastra,Pune,Hadapsar,Pune35,673456
Shib36,Das,s@yash.com,9076439867,India,Maharastra,Pune,Hadapsar,Pune36,673456
Shib37,Das,s@yash.com,9076439868,India,Maharastra,Pune,Hadapsar,Pune37,673456
Shib38,Das,s@yash.com,9076439869,India,Maharastra,Pune,Hadapsar,Pune38,673456
Shib39,Das,s@yash.com,9076439870,India,Maharastra,Pune,Hadapsar,Pune39,673456
Shib1,Das,s@yash.com,9076439832,India,Maharastra,Pune,Hadapsar,Pune1,673456
Shib2,Das,s@yash.com,9076439833,India,Maharastra,Pune,Hadapsar,Pune2,673456
Shib3,Das,s@yash.com,9076439834,India,Maharastra,Pune,Hadapsar,Pune3,673456
Shib4,Das,s@yash.com,9076439835,India,Maharastra,Pune,Hadapsar,Pune4,673456
Shib5,Das,s@yash.com,9076439836,India,Maharastra,Pune,Hadapsar,Pune5,673456
Shib6,Das,s@yash.com,9076439837,India,Maharastra,Pune,Hadapsar,Pune6,673456
Shib7,Das,s@yash.com,9076439838,India,Maharastra,Pune,Hadapsar,Pune7,673456
Shib8,Das,s@yash.com,9076439839,India,Maharastra,Pune,Hadapsar,Pune8,673456
Shib9,Das,s@yash.com,9076439840,India,Maharastra,Pune,Hadapsar,Pune9,673456
Shib10,Das,s@yash.com,9076439841,India,Maharastra,Pune,Hadapsar,Pune10,673456
Shib11,Das,s@yash.com,9076439842,India,Maharastra,Pune,Hadapsar,Pune11,673456
Shib12,Das,s@yash.com,9076439843,India,Maharastra,Pune,Hadapsar,Pune12,673456
Shib13,Das,s@yash.com,9076439844,India,Maharastra,Pune,Hadapsar,Pune13,673456
Shib14,Das,s@yash.com,9076439845,India,Maharastra,Pune,Hadapsar,Pune14,673456
Shib15,Das,s@yash.com,9076439846,India,Maharastra,Pune,Hadapsar,Pune15,673456
Shib16,Das,s@yash.com,9076439847,India,Maharastra,Pune,Hadapsar,Pune16,673456
Shib17,Das,s@yash.com,9076439848,India,Maharastra,Pune,Hadapsar,Pune17,673456
Shib18,Das,s@yash.com,9076439849,India,Maharastra,Pune,Hadapsar,Pune18,673456
Shib19,Das,s@yash.com,9076439850,India,Maharastra,Pune,Hadapsar,Pune19,673456
Shib20,Das,s@yash.com,9076439851,India,Maharastra,Pune,Hadapsar,Pune20,673456
Shib21,Das,s@yash.com,9076439852,India,Maharastra,Pune,Hadapsar,Pune21,673456
Shib22,Das,s@yash.com,9076439853,India,Maharastra,Pune,Hadapsar,Pune22,673456
Shib23,Das,s@yash.com,9076439854,India,Maharastra,Pune,Hadapsar,Pune23,673456
Shib24,Das,s@yash.com,9076439855,India,Maharastra,Pune,Hadapsar,Pune24,673456
Shib25,Das,s@yash.com,9076439856,India,Maharastra,Pune,Hadapsar,Pune25,673456
Shib26,Das,s@yash.com,9076439857,India,Maharastra,Pune,Hadapsar,Pune26,673456
Shib27,Das,s@yash.com,9076439858,India,Maharastra,Pune,Hadapsar,Pune27,673456
Shib28,Das,s@yash.com,9076439859,India,Maharastra,Pune,Hadapsar,Pune28,673456
Shib29,Das,s@yash.com,9076439860,India,Maharastra,Pune,Hadapsar,Pune29,673456
Shib30,Das,s@yash.com,9076439861,India,Maharastra,Pune,Hadapsar,Pune30,673456
Shib31,Das,s@yash.com,9076439862,India,Maharastra,Pune,Hadapsar,Pune31,673456
Shib32,Das,s@yash.com,9076439863,India,Maharastra,Pune,Hadapsar,Pune32,673456
Shib33,Das,s@yash.com,9076439864,India,Maharastra,Pune,Hadapsar,Pune33,673456
Shib34,Das,s@yash.com,9076439865,India,Maharastra,Pune,Hadapsar,Pune34,673456
Shib35,Das,s@yash.com,9076439866,India,Maharastra,Pune,Hadapsar,Pune35,673456
Shib36,Das,s@yash.com,9076439867,India,Maharastra,Pune,Hadapsar,Pune36,673456
Shib37,Das,s@yash.com,9076439868,India,Maharastra,Pune,Hadapsar,Pune37,673456
Shib38,Das,s@yash.com,9076439869,India,Maharastra,Pune,Hadapsar,Pune38,673456
Shib39,Das,s@yash.com,9076439870,India,Maharastra,Pune,Hadapsar,Pune39,673456
Shib1,Das,s@yash.com,9076439832,India,Maharastra,Pune,Hadapsar,Pune1,673456
Shib2,Das,s@yash.com,9076439833,India,Maharastra,Pune,Hadapsar,Pune2,673456
Shib3,Das,s@yash.com,9076439834,India,Maharastra,Pune,Hadapsar,Pune3,673456
Shib4,Das,s@yash.com,9076439835,India,Maharastra,Pune,Hadapsar,Pune4,673456
Shib5,Das,s@yash.com,9076439836,India,Maharastra,Pune,Hadapsar,Pune5,673456
Shib6,Das,s@yash.com,9076439837,India,Maharastra,Pune,Hadapsar,Pune6,673456
Shib7,Das,s@yash.com,9076439838,India,Maharastra,Pune,Hadapsar,Pune7,673456
Shib8,Das,s@yash.com,9076439839,India,Maharastra,Pune,Hadapsar,Pune8,673456
Shib9,Das,s@yash.com,9076439840,India,Maharastra,Pune,Hadapsar,Pune9,673456
Shib10,Das,s@yash.com,9076439841,India,Maharastra,Pune,Hadapsar,Pune10,673456
Shib11,Das,s@yash.com,9076439842,India,Maharastra,Pune,Hadapsar,Pune11,673456
Shib12,Das,s@yash.com,9076439843,India,Maharastra,Pune,Hadapsar,Pune12,673456
Shib13,Das,s@yash.com,9076439844,India,Maharastra,Pune,Hadapsar,Pune13,673456
Shib14,Das,s@yash.com,9076439845,India,Maharastra,Pune,Hadapsar,Pune14,673456
Shib15,Das,s@yash.com,9076439846,India,Maharastra,Pune,Hadapsar,Pune15,673456
Shib16,Das,s@yash.com,9076439847,India,Maharastra,Pune,Hadapsar,Pune16,673456
Shib17,Das,s@yash.com,9076439848,India,Maharastra,Pune,Hadapsar,Pune17,673456
Shib18,Das,s@yash.com,9076439849,India,Maharastra,Pune,Hadapsar,Pune18,673456
Shib19,Das,s@yash.com,9076439850,India,Maharastra,Pune,Hadapsar,Pune19,673456
Shib20,Das,s@yash.com,9076439851,India,Maharastra,Pune,Hadapsar,Pune20,673456
Shib21,Das,s@yash.com,9076439852,India,Maharastra,Pune,Hadapsar,Pune21,673456
Shib22,Das,s@yash.com,9076439853,India,Maharastra,Pune,Hadapsar,Pune22,673456
Shib23,Das,s@yash.com,9076439854,India,Maharastra,Pune,Hadapsar,Pune23,673456
Shib24,Das,s@yash.com,9076439855,India,Maharastra,Pune,Hadapsar,Pune24,673456
Shib25,Das,s@yash.com,9076439856,India,Maharastra,Pune,Hadapsar,Pune25,673456
Shib26,Das,s@yash.com,9076439857,India,Maharastra,Pune,Hadapsar,Pune26,673456
Shib27,Das,s@yash.com,9076439858,India,Maharastra,Pune,Hadapsar,Pune27,673456
Shib28,Das,s@yash.com,9076439859,India,Maharastra,Pune,Hadapsar,Pune28,673456
Shib29,Das,s@yash.com,9076439860,India,Maharastra,Pune,Hadapsar,Pune29,673456
Shib30,Das,s@yash.com,9076439861,India,Maharastra,Pune,Hadapsar,Pune30,673456
Shib31,Das,s@yash.com,9076439862,India,Maharastra,Pune,Hadapsar,Pune31,673456
Shib32,Das,s@yash.com,9076439863,India,Maharastra,Pune,Hadapsar,Pune32,673456
Shib33,Das,s@yash.com,9076439864,India,Maharastra,Pune,Hadapsar,Pune33,673456
Shib34,Das,s@yash.com,9076439865,India,Maharastra,Pune,Hadapsar,Pune34,673456
Shib35,Das,s@yash.com,9076439866,India,Maharastra,Pune,Hadapsar,Pune35,673456
Shib36,Das,s@yash.com,9076439867,India,Maharastra,Pune,Hadapsar,Pune36,673456
Shib37,Das,s@yash.com,9076439868,India,Maharastra,Pune,Hadapsar,Pune37,673456
Shib38,Das,s@yash.com,9076439869,India,Maharastra,Pune,Hadapsar,Pune38,673456
Shib39,Das,s@yash.com,9076439870,India,Maharastra,Pune,Hadapsar,Pune39,673456
Shib1,Das,s@yash.com,9076439832,India,Maharastra,Pune,Hadapsar,Pune1,673456
Shib2,Das,s@yash.com,9076439833,India,Maharastra,Pune,Hadapsar,Pune2,673456
Shib3,Das,s@yash.com,9076439834,India,Maharastra,Pune,Hadapsar,Pune3,673456
Shib4,Das,s@yash.com,9076439835,India,Maharastra,Pune,Hadapsar,Pune4,673456
Shib5,Das,s@yash.com,9076439836,India,Maharastra,Pune,Hadapsar,Pune5,673456
Shib6,Das,s@yash.com,9076439837,India,Maharastra,Pune,Hadapsar,Pune6,673456
Shib7,Das,s@yash.com,9076439838,India,Maharastra,Pune,Hadapsar,Pune7,673456
Shib8,Das,s@yash.com,9076439839,India,Maharastra,Pune,Hadapsar,Pune8,673456
Shib9,Das,s@yash.com,9076439840,India,Maharastra,Pune,Hadapsar,Pune9,673456
Shib10,Das,s@yash.com,9076439841,India,Maharastra,Pune,Hadapsar,Pune10,673456
Shib11,Das,s@yash.com,9076439842,India,Maharastra,Pune,Hadapsar,Pune11,673456
Shib12,Das,s@yash.com,9076439843,India,Maharastra,Pune,Hadapsar,Pune12,673456
Shib13,Das,s@yash.com,9076439844,India,Maharastra,Pune,Hadapsar,Pune13,673456
Shib14,Das,s@yash.com,9076439845,India,Maharastra,Pune,Hadapsar,Pune14,673456
Shib15,Das,s@yash.com,9076439846,India,Maharastra,Pune,Hadapsar,Pune15,673456
Shib16,Das,s@yash.com,9076439847,India,Maharastra,Pune,Hadapsar,Pune16,673456
Shib17,Das,s@yash.com,9076439848,India,Maharastra,Pune,Hadapsar,Pune17,673456
Shib18,Das,s@yash.com,9076439849,India,Maharastra,Pune,Hadapsar,Pune18,673456
Shib19,Das,s@yash.com,9076439850,India,Maharastra,Pune,Hadapsar,Pune19,673456
Shib20,Das,s@yash.com,9076439851,India,Maharastra,Pune,Hadapsar,Pune20,673456
Shib21,Das,s@yash.com,9076439852,India,Maharastra,Pune,Hadapsar,Pune21,673456
Shib22,Das,s@yash.com,9076439853,India,Maharastra,Pune,Hadapsar,Pune22,673456
Shib23,Das,s@yash.com,9076439854,India,Maharastra,Pune,Hadapsar,Pune23,673456
Shib24,Das,s@yash.com,9076439855,India,Maharastra,Pune,Hadapsar,Pune24,673456
Shib25,Das,s@yash.com,9076439856,India,Maharastra,Pune,Hadapsar,Pune25,673456
Shib26,Das,s@yash.com,9076439857,India,Maharastra,Pune,Hadapsar,Pune26,673456
Shib27,Das,s@yash.com,9076439858,India,Maharastra,Pune,Hadapsar,Pune27,673456
Shib28,Das,s@yash.com,9076439859,India,Maharastra,Pune,Hadapsar,Pune28,673456
Shib29,Das,s@yash.com,9076439860,India,Maharastra,Pune,Hadapsar,Pune29,673456
Shib30,Das,s@yash.com,9076439861,India,Maharastra,Pune,Hadapsar,Pune30,673456
Shib31,Das,s@yash.com,9076439862,India,Maharastra,Pune,Hadapsar,Pune31,673456
Shib32,Das,s@yash.com,9076439863,India,Maharastra,Pune,Hadapsar,Pune32,673456
Shib33,Das,s@yash.com,9076439864,India,Maharastra,Pune,Hadapsar,Pune33,673456
Shib34,Das,s@yash.com,9076439865,India,Maharastra,Pune,Hadapsar,Pune34,673456
Shib35,Das,s@yash.com,9076439866,India,Maharastra,Pune,Hadapsar,Pune35,673456
Shib36,Das,s@yash.com,9076439867,India,Maharastra,Pune,Hadapsar,Pune36,673456
Shib37,Das,s@yash.com,9076439868,India,Maharastra,Pune,Hadapsar,Pune37,673456
Shib38,Das,s@yash.com,9076439869,India,Maharastra,Pune,Hadapsar,Pune38,673456
Shib39,Das,s@yash.com,9076439870,India,Maharastra,Pune,Hadapsar,Pune39,673456
Shib1,Das,s@yash.com,9076439832,India,Maharastra,Pune,Hadapsar,Pune1,673456
Shib2,Das,s@yash.com,9076439833,India,Maharastra,Pune,Hadapsar,Pune2,673456
Shib3,Das,s@yash.com,9076439834,India,Maharastra,Pune,Hadapsar,Pune3,673456
Shib4,Das,s@yash.com,9076439835,India,Maharastra,Pune,Hadapsar,Pune4,673456
Shib5,Das,s@yash.com,9076439836,India,Maharastra,Pune,Hadapsar,Pune5,673456
Shib6,Das,s@yash.com,9076439837,India,Maharastra,Pune,Hadapsar,Pune6,673456
Shib7,Das,s@yash.com,9076439838,India,Maharastra,Pune,Hadapsar,Pune7,673456
Shib8,Das,s@yash.com,9076439839,India,Maharastra,Pune,Hadapsar,Pune8,673456
Shib9,Das,s@yash.com,9076439840,India,Maharastra,Pune,Hadapsar,Pune9,673456
Shib10,Das,s@yash.com,9076439841,India,Maharastra,Pune,Hadapsar,Pune10,673456
Shib11,Das,s@yash.com,9076439842,India,Maharastra,Pune,Hadapsar,Pune11,673456
Shib12,Das,s@yash.com,9076439843,India,Maharastra,Pune,Hadapsar,Pune12,673456
Shib13,Das,s@yash.com,9076439844,India,Maharastra,Pune,Hadapsar,Pune13,673456
Shib14,Das,s@yash.com,9076439845,India,Maharastra,Pune,Hadapsar,Pune14,673456
Shib15,Das,s@yash.com,9076439846,India,Maharastra,Pune,Hadapsar,Pune15,673456
Shib16,Das,s@yash.com,9076439847,India,Maharastra,Pune,Hadapsar,Pune16,673456
Shib17,Das,s@yash.com,9076439848,India,Maharastra,Pune,Hadapsar,Pune17,673456
Shib18,Das,s@yash.com,9076439849,India,Maharastra,Pune,Hadapsar,Pune18,673456
Shib19,Das,s@yash.com,9076439850,India,Maharastra,Pune,Hadapsar,Pune19,673456
Shib20,Das,s@yash.com,9076439851,India,Maharastra,Pune,Hadapsar,Pune20,673456
Shib21,Das,s@yash.com,9076439852,India,Maharastra,Pune,Hadapsar,Pune21,673456
Shib22,Das,s@yash.com,9076439853,India,Maharastra,Pune,Hadapsar,Pune22,673456
Shib23,Das,s@yash.com,9076439854,India,Maharastra,Pune,Hadapsar,Pune23,673456
Shib24,Das,s@yash.com,9076439855,India,Maharastra,Pune,Hadapsar,Pune24,673456
Shib25,Das,s@yash.com,9076439856,India,Maharastra,Pune,Hadapsar,Pune25,673456
Shib26,Das,s@yash.com,9076439857,India,Maharastra,Pune,Hadapsar,Pune26,673456
Shib27,Das,s@yash.com,9076439858,India,Maharastra,Pune,Hadapsar,Pune27,673456
Shib28,Das,s@yash.com,9076439859,India,Maharastra,Pune,Hadapsar,Pune28,673456
Shib29,Das,s@yash.com,9076439860,India,Maharastra,Pune,Hadapsar,Pune29,673456
Shib30,Das,s@yash.com,9076439861,India,Maharastra,Pune,Hadapsar,Pune30,673456
Shib31,Das,s@yash.com,9076439862,India,Maharastra,Pune,Hadapsar,Pune31,673456
Shib32,Das,s@yash.com,9076439863,India,Maharastra,Pune,Hadapsar,Pune32,673456
Shib33,Das,s@yash.com,9076439864,India,Maharastra,Pune,Hadapsar,Pune33,673456
Shib34,Das,s@yash.com,9076439865,India,Maharastra,Pune,Hadapsar,Pune34,673456
Shib35,Das,s@yash.com,9076439866,India,Maharastra,Pune,Hadapsar,Pune35,673456
Shib36,Das,s@yash.com,9076439867,India,Maharastra,Pune,Hadapsar,Pune36,673456
Shib37,Das,s@yash.com,9076439868,India,Maharastra,Pune,Hadapsar,Pune37,673456
Shib38,Das,s@yash.com,9076439869,India,Maharastra,Pune,Hadapsar,Pune38,673456
Shib39,Das,s@yash.com,9076439870,India,Maharastra,Pune,Hadapsar,Pune39,673456
